"STATION","NAME","DATE","TAVG","TMAX","TMIN"
"USC00200230","ANN ARBOR U OF MICH, MI US","1916-01","29.4","37.4","21.4"
"USC00200230","ANN ARBOR U OF MICH, MI US","1916-02","20.7","27.8","13.5"
"USC00200230","ANN ARBOR U OF MICH, MI US","1916-03","27.8","36.8","18.8"
"USC00200230","ANN ARBOR U OF MICH, MI US","1916-04","46.5","56.8","36.2"
"USC00200230","ANN ARBOR U OF MICH, MI US","1916-05","57.1","66.6","47.5"
"USC00200230","ANN ARBOR U OF MICH, MI US","1916-06","61.9","70.9","53.0"
"USC00200230","ANN ARBOR U OF MICH, MI US","1916-07","76.0","87.1","64.8"
"USC00200230","ANN ARBOR U OF MICH, MI US","1916-08","72.7","83.0","62.3"
"USC00200230","ANN ARBOR U OF MICH, MI US","1916-09","61.5","70.7","52.4"
"USC00200230","ANN ARBOR U OF MICH, MI US","1916-10","50.4","61.0","39.7"
"USC00200230","ANN ARBOR U OF MICH, MI US","1916-11","39.1","47.5","30.6"
"USC00200230","ANN ARBOR U OF MICH, MI US","1916-12","24.4","31.8","17.0"
"USC00200230","ANN ARBOR U OF MICH, MI US","1917-01","22.2","29.7","14.8"
"USC00200230","ANN ARBOR U OF MICH, MI US","1917-02","18.0","26.7","9.2"
"USC00200230","ANN ARBOR U OF MICH, MI US","1917-03","35.5","44.2","26.8"
"USC00200230","ANN ARBOR U OF MICH, MI US","1917-04","43.6","53.0","34.1"
"USC00200230","ANN ARBOR U OF MICH, MI US","1917-05","50.4","59.4","41.4"
"USC00200230","ANN ARBOR U OF MICH, MI US","1917-06","63.0","73.0","53.0"
"USC00200230","ANN ARBOR U OF MICH, MI US","1917-07","70.5","79.6","61.4"
"USC00200230","ANN ARBOR U OF MICH, MI US","1917-08","67.4","78.7","56.1"
"USC00200230","ANN ARBOR U OF MICH, MI US","1917-09","59.3","69.4","49.2"
"USC00200230","ANN ARBOR U OF MICH, MI US","1917-10","43.4","51.0","35.9"
"USC00200230","ANN ARBOR U OF MICH, MI US","1917-11","37.4","46.3","28.5"
"USC00200230","ANN ARBOR U OF MICH, MI US","1917-12","20.1","26.3","13.9"
"USC00200230","ANN ARBOR U OF MICH, MI US","1918-01","11.5","19.2","3.8"
"USC00200230","ANN ARBOR U OF MICH, MI US","1918-02","23.9","34.4","13.4"
"USC00200230","ANN ARBOR U OF MICH, MI US","1918-03","38.0","49.3","26.8"
"USC00200230","ANN ARBOR U OF MICH, MI US","1918-04","43.8","54.8","32.8"
"USC00200230","ANN ARBOR U OF MICH, MI US","1918-05","63.1","74.7","51.5"
"USC00200230","ANN ARBOR U OF MICH, MI US","1918-06","65.9","78.8","53.0"
"USC00200230","ANN ARBOR U OF MICH, MI US","1918-07","70.2","81.6","58.7"
"USC00200230","ANN ARBOR U OF MICH, MI US","1918-08","73.8","85.2","62.5"
"USC00200230","ANN ARBOR U OF MICH, MI US","1918-09","54.8","65.0","44.5"
"USC00200230","ANN ARBOR U OF MICH, MI US","1918-10","53.0","63.0","43.0"
"USC00200230","ANN ARBOR U OF MICH, MI US","1918-11","40.2","46.8","33.5"
"USC00200230","ANN ARBOR U OF MICH, MI US","1918-12","32.9","38.9","27.0"
"USC00200230","ANN ARBOR U OF MICH, MI US","1919-01","28.3","36.6","19.9"
"USC00200230","ANN ARBOR U OF MICH, MI US","1919-02","26.5","34.2","18.9"
"USC00200230","ANN ARBOR U OF MICH, MI US","1919-03","36.0","44.8","27.1"
"USC00200230","ANN ARBOR U OF MICH, MI US","1919-04","46.7","56.8","36.6"
"USC00200230","ANN ARBOR U OF MICH, MI US","1919-05","55.9","66.7","45.0"
"USC00200230","ANN ARBOR U OF MICH, MI US","1919-06","72.6","82.6","62.5"
"USC00200230","ANN ARBOR U OF MICH, MI US","1919-07","73.8","85.5","62.1"
"USC00200230","ANN ARBOR U OF MICH, MI US","1919-08","68.7","79.2","58.3"
"USC00200230","ANN ARBOR U OF MICH, MI US","1919-09","65.0","75.8","54.2"
"USC00200230","ANN ARBOR U OF MICH, MI US","1919-10","54.3","64.8","43.7"
"USC00200230","ANN ARBOR U OF MICH, MI US","1919-11","38.4","47.3","29.5"
"USC00200230","ANN ARBOR U OF MICH, MI US","1919-12","20.2","28.1","12.3"
"USC00200230","ANN ARBOR U OF MICH, MI US","1920-01","15.5","23.9","7.1"
"USC00200230","ANN ARBOR U OF MICH, MI US","1920-02","21.8","29.8","13.8"
"USC00200230","ANN ARBOR U OF MICH, MI US","1920-03","36.6","47.5","25.7"
"USC00200230","ANN ARBOR U OF MICH, MI US","1920-04","40.7","49.7","31.7"
"USC00200230","ANN ARBOR U OF MICH, MI US","1920-05","56.1","67.5","44.7"
"USC00200230","ANN ARBOR U OF MICH, MI US","1920-06","67.4","77.9","56.8"
"USC00200230","ANN ARBOR U OF MICH, MI US","1920-07","68.2","79.0","57.3"
"USC00200230","ANN ARBOR U OF MICH, MI US","1920-08","67.6","76.6","58.5"
"USC00200230","ANN ARBOR U OF MICH, MI US","1920-09","63.7","74.4","53.0"
"USC00200230","ANN ARBOR U OF MICH, MI US","1920-10","56.6","67.9","45.3"
"USC00200230","ANN ARBOR U OF MICH, MI US","1920-11","36.9","43.6","30.2"
"USC00200230","ANN ARBOR U OF MICH, MI US","1920-12","30.7","37.2","24.2"
"USC00200230","ANN ARBOR U OF MICH, MI US","1921-01","28.9","36.4","21.4"
"USC00200230","ANN ARBOR U OF MICH, MI US","1921-02","28.8","35.9","21.7"
"USC00200230","ANN ARBOR U OF MICH, MI US","1921-03","41.5","52.7","30.3"
"USC00200230","ANN ARBOR U OF MICH, MI US","1921-04","52.0","63.0","41.0"
"USC00200230","ANN ARBOR U OF MICH, MI US","1921-05","59.8","71.2","48.3"
"USC00200230","ANN ARBOR U OF MICH, MI US","1921-06","69.9","80.9","58.8"
"USC00200230","ANN ARBOR U OF MICH, MI US","1921-07","76.3","86.8","65.7"
"USC00200230","ANN ARBOR U OF MICH, MI US","1921-08","67.9","78.0","57.9"
"USC00200230","ANN ARBOR U OF MICH, MI US","1921-09","67.2","76.9","57.6"
"USC00200230","ANN ARBOR U OF MICH, MI US","1921-10","50.8","59.4","42.2"
"USC00200230","ANN ARBOR U OF MICH, MI US","1921-11","36.4","42.8","30.1"
"USC00200230","ANN ARBOR U OF MICH, MI US","1921-12","28.6","35.6","21.6"
"USC00200230","ANN ARBOR U OF MICH, MI US","1922-01","21.6","30.3","12.9"
"USC00200230","ANN ARBOR U OF MICH, MI US","1922-02","27.1","34.6","19.6"
"USC00200230","ANN ARBOR U OF MICH, MI US","1922-03","35.9","45.0","26.9"
"USC00200230","ANN ARBOR U OF MICH, MI US","1922-04","47.6","57.8","37.4"
"USC00200230","ANN ARBOR U OF MICH, MI US","1922-05","61.6","72.0","51.2"
"USC00200230","ANN ARBOR U OF MICH, MI US","1922-06","67.9","78.6","57.2"
"USC00200230","ANN ARBOR U OF MICH, MI US","1922-07","70.6","81.7","59.4"
"USC00200230","ANN ARBOR U OF MICH, MI US","1922-08","69.7","80.8","58.5"
"USC00200230","ANN ARBOR U OF MICH, MI US","1922-09","65.6","76.1","55.1"
"USC00200230","ANN ARBOR U OF MICH, MI US","1922-10","53.1","63.1","43.1"
"USC00200230","ANN ARBOR U OF MICH, MI US","1922-11","41.2","47.8","34.6"
"USC00200230","ANN ARBOR U OF MICH, MI US","1922-12","27.0","34.0","20.0"
"USC00200230","ANN ARBOR U OF MICH, MI US","1923-01","25.2","32.0","18.4"
"USC00200230","ANN ARBOR U OF MICH, MI US","1923-02","19.9","27.4","12.4"
"USC00200230","ANN ARBOR U OF MICH, MI US","1923-03","31.2","40.7","21.7"
"USC00200230","ANN ARBOR U OF MICH, MI US","1923-04","45.2","57.0","33.3"
"USC00200230","ANN ARBOR U OF MICH, MI US","1923-05","54.4","67.3","41.5"
"USC00200230","ANN ARBOR U OF MICH, MI US","1923-06","70.6","81.3","59.9"
"USC00200230","ANN ARBOR U OF MICH, MI US","1923-07","70.5","80.9","60.1"
"USC00200230","ANN ARBOR U OF MICH, MI US","1923-08","66.6","76.8","56.4"
"USC00200230","ANN ARBOR U OF MICH, MI US","1923-09","62.1","71.2","53.1"
"USC00200230","ANN ARBOR U OF MICH, MI US","1923-10","48.6","59.0","38.2"
"USC00200230","ANN ARBOR U OF MICH, MI US","1923-11","39.2","46.4","32.0"
"USC00200230","ANN ARBOR U OF MICH, MI US","1923-12","35.9","42.2","29.6"
"USC00200230","ANN ARBOR U OF MICH, MI US","1924-01","21.3","28.7","14.0"
"USC00200230","ANN ARBOR U OF MICH, MI US","1924-02","23.4","29.7","17.0"
"USC00200230","ANN ARBOR U OF MICH, MI US","1924-03","32.1","38.4","25.9"
"USC00200230","ANN ARBOR U OF MICH, MI US","1924-04","45.2","55.0","35.5"
"USC00200230","ANN ARBOR U OF MICH, MI US","1924-05","51.8","61.9","41.8"
"USC00200230","ANN ARBOR U OF MICH, MI US","1924-06","64.1","75.0","53.3"
"USC00200230","ANN ARBOR U OF MICH, MI US","1924-07","68.6","78.5","58.7"
"USC00200230","ANN ARBOR U OF MICH, MI US","1924-08","68.6","79.5","57.7"
"USC00200230","ANN ARBOR U OF MICH, MI US","1924-09","58.1","67.0","49.2"
"USC00200230","ANN ARBOR U OF MICH, MI US","1924-10","55.1","66.6","43.6"
"USC00200230","ANN ARBOR U OF MICH, MI US","1924-11","39.8","48.9","30.6"
"USC00200230","ANN ARBOR U OF MICH, MI US","1924-12","22.7","29.7","15.8"
"USC00200230","ANN ARBOR U OF MICH, MI US","1925-01","20.9","29.7","12.0"
"USC00200230","ANN ARBOR U OF MICH, MI US","1925-02","29.6","37.5","21.6"
"USC00200230","ANN ARBOR U OF MICH, MI US","1925-03","36.2","46.3","26.0"
"USC00200230","ANN ARBOR U OF MICH, MI US","1925-04","51.4","64.3","38.4"
"USC00200230","ANN ARBOR U OF MICH, MI US","1925-05","53.8","65.9","41.6"
"USC00200230","ANN ARBOR U OF MICH, MI US","1925-06","70.5","82.6","58.4"
"USC00200230","ANN ARBOR U OF MICH, MI US","1925-07","70.5","81.9","59.2"
"USC00200230","ANN ARBOR U OF MICH, MI US","1925-08","69.8","80.9","58.7"
"USC00200230","ANN ARBOR U OF MICH, MI US","1925-09","65.5","74.1","56.9"
"USC00200230","ANN ARBOR U OF MICH, MI US","1925-10","42.7","49.5","35.9"
"USC00200230","ANN ARBOR U OF MICH, MI US","1925-11","36.6","43.4","29.8"
"USC00200230","ANN ARBOR U OF MICH, MI US","1925-12","25.8","31.9","19.6"
"USC00200230","ANN ARBOR U OF MICH, MI US","1926-01","24.0","31.2","16.8"
"USC00200230","ANN ARBOR U OF MICH, MI US","1926-02","24.8","31.9","17.8"
"USC00200230","ANN ARBOR U OF MICH, MI US","1926-03","27.9","35.7","20.2"
"USC00200230","ANN ARBOR U OF MICH, MI US","1926-04","40.6","50.8","30.4"
"USC00200230","ANN ARBOR U OF MICH, MI US","1926-05","57.7","70.1","45.2"
"USC00200230","ANN ARBOR U OF MICH, MI US","1926-06","62.7","73.5","51.9"
"USC00200230","ANN ARBOR U OF MICH, MI US","1926-07","71.1","82.0","60.3"
"USC00200230","ANN ARBOR U OF MICH, MI US","1926-08","71.0","79.6","62.3"
"USC00200230","ANN ARBOR U OF MICH, MI US","1926-09","61.6","69.3","53.9"
"USC00200230","ANN ARBOR U OF MICH, MI US","1926-10","49.3","57.0","41.7"
"USC00200230","ANN ARBOR U OF MICH, MI US","1926-11","37.1","44.3","30.0"
"USC00200230","ANN ARBOR U OF MICH, MI US","1926-12","24.4","31.0","17.8"
"USC00200230","ANN ARBOR U OF MICH, MI US","1927-01","23.1","30.2","16.1"
"USC00200230","ANN ARBOR U OF MICH, MI US","1927-02","31.5","38.6","24.5"
"USC00200230","ANN ARBOR U OF MICH, MI US","1927-03","39.1","47.2","31.0"
"USC00200230","ANN ARBOR U OF MICH, MI US","1927-04","46.3","56.4","36.1"
"USC00200230","ANN ARBOR U OF MICH, MI US","1927-05","56.1","65.7","46.6"
"USC00200230","ANN ARBOR U OF MICH, MI US","1927-06","62.7","72.6","52.9"
"USC00200230","ANN ARBOR U OF MICH, MI US","1927-07","70.4","80.2","60.5"
"USC00200230","ANN ARBOR U OF MICH, MI US","1927-08","64.9","75.5","54.4"
"USC00200230","ANN ARBOR U OF MICH, MI US","1927-09","66.0","75.6","56.5"
"USC00200230","ANN ARBOR U OF MICH, MI US","1927-10","54.7","64.6","44.8"
"USC00200230","ANN ARBOR U OF MICH, MI US","1927-11","42.6","50.5","34.8"
"USC00200230","ANN ARBOR U OF MICH, MI US","1927-12","28.5","35.0","21.9"
"USC00200230","ANN ARBOR U OF MICH, MI US","1928-01","25.6","32.3","18.9"
"USC00200230","ANN ARBOR U OF MICH, MI US","1928-02","26.9","34.3","19.5"
"USC00200230","ANN ARBOR U OF MICH, MI US","1928-03","32.9","41.3","24.4"
"USC00200230","ANN ARBOR U OF MICH, MI US","1928-04","43.4","53.3","33.6"
"USC00200230","ANN ARBOR U OF MICH, MI US","1928-05","57.9","69.0","46.7"
"USC00200230","ANN ARBOR U OF MICH, MI US","1928-06","62.5","71.3","53.6"
"USC00200230","ANN ARBOR U OF MICH, MI US","1928-07","71.6","80.9","62.2"
"USC00200230","ANN ARBOR U OF MICH, MI US","1928-08","70.8","80.1","61.4"
"USC00200230","ANN ARBOR U OF MICH, MI US","1928-09","57.8","68.4","47.1"
"USC00200230","ANN ARBOR U OF MICH, MI US","1928-10","53.8","63.1","44.5"
"USC00200230","ANN ARBOR U OF MICH, MI US","1928-11","41.1","47.1","35.1"
"USC00200230","ANN ARBOR U OF MICH, MI US","1928-12","31.6","37.9","25.3"
"USC00200230","ANN ARBOR U OF MICH, MI US","1929-01",,,"8.8"
"USC00200230","ANN ARBOR U OF MICH, MI US","1929-02","20.6","27.7","13.6"
"USC00200230","ANN ARBOR U OF MICH, MI US","1929-03","41.3","52.2","30.4"
"USC00200230","ANN ARBOR U OF MICH, MI US","1929-04","48.6","58.8","38.4"
"USC00200230","ANN ARBOR U OF MICH, MI US","1929-05","55.9","66.7","45.2"
"USC00200230","ANN ARBOR U OF MICH, MI US","1929-06","65.4","76.4","54.4"
"USC00200230","ANN ARBOR U OF MICH, MI US","1929-07","72.7","83.6","61.8"
"USC00200230","ANN ARBOR U OF MICH, MI US","1929-08","68.7","80.8","56.6"
"USC00200230","ANN ARBOR U OF MICH, MI US","1929-09","63.9","74.9","52.8"
"USC00200230","ANN ARBOR U OF MICH, MI US","1929-10","49.9","58.8","41.1"
"USC00200230","ANN ARBOR U OF MICH, MI US","1929-11","36.1","41.9","30.2"
"USC00200230","ANN ARBOR U OF MICH, MI US","1929-12","25.8","31.1","20.6"
"USC00200230","ANN ARBOR U OF MICH, MI US","1930-01","21.2","28.2","14.1"
"USC00200230","ANN ARBOR U OF MICH, MI US","1930-02","33.2","40.3","26.1"
"USC00200230","ANN ARBOR U OF MICH, MI US","1930-03","34.0","42.7","25.2"
"USC00200230","ANN ARBOR U OF MICH, MI US","1930-04","47.8","58.5","37.1"
"USC00200230","ANN ARBOR U OF MICH, MI US","1930-05","60.1","70.6","49.6"
"USC00200230","ANN ARBOR U OF MICH, MI US","1930-06","69.2","80.3","58.1"
"USC00200230","ANN ARBOR U OF MICH, MI US","1930-07","74.1","86.3","61.9"
"USC00200230","ANN ARBOR U OF MICH, MI US","1930-08","72.0","83.9","60.1"
"USC00200230","ANN ARBOR U OF MICH, MI US","1930-09","65.7","76.7","54.6"
"USC00200230","ANN ARBOR U OF MICH, MI US","1930-10","49.7","58.0","41.4"
"USC00200230","ANN ARBOR U OF MICH, MI US","1930-11","40.6","48.3","32.8"
"USC00200230","ANN ARBOR U OF MICH, MI US","1930-12","28.0","33.6","22.3"
"USC00200230","ANN ARBOR U OF MICH, MI US","1931-01","27.6","34.2","21.0"
"USC00200230","ANN ARBOR U OF MICH, MI US","1931-02","31.8","38.6","25.0"
"USC00200230","ANN ARBOR U OF MICH, MI US","1931-03","32.9","39.0","26.9"
"USC00200230","ANN ARBOR U OF MICH, MI US","1931-04","48.4","60.1","36.8"
"USC00200230","ANN ARBOR U OF MICH, MI US","1931-05","57.0","67.8","46.1"
"USC00200230","ANN ARBOR U OF MICH, MI US","1931-06","69.2","79.6","58.8"
"USC00200230","ANN ARBOR U OF MICH, MI US","1931-07","76.7","87.9","65.5"
"USC00200230","ANN ARBOR U OF MICH, MI US","1931-08","72.1","83.2","61.0"
"USC00200230","ANN ARBOR U OF MICH, MI US","1931-09","68.8","78.5","59.0"
"USC00200230","ANN ARBOR U OF MICH, MI US","1931-10","55.5","64.8","46.2"
"USC00200230","ANN ARBOR U OF MICH, MI US","1931-11","46.6","54.7","38.5"
"USC00200230","ANN ARBOR U OF MICH, MI US","1931-12",,,"29.5"
"USC00200230","ANN ARBOR U OF MICH, MI US","1932-01","35.0","40.6","29.4"
"USC00200230","ANN ARBOR U OF MICH, MI US","1932-02","32.2","40.2","24.1"
"USC00200230","ANN ARBOR U OF MICH, MI US","1932-03","29.2","36.4","22.1"
"USC00200230","ANN ARBOR U OF MICH, MI US","1932-04","44.5","55.3","33.7"
"USC00200230","ANN ARBOR U OF MICH, MI US","1932-05","59.6","70.5","48.6"
"USC00200230","ANN ARBOR U OF MICH, MI US","1932-06","68.9","80.0","57.8"
"USC00200230","ANN ARBOR U OF MICH, MI US","1932-07","72.4","83.6","61.1"
"USC00200230","ANN ARBOR U OF MICH, MI US","1932-08","71.9","83.0","60.8"
"USC00200230","ANN ARBOR U OF MICH, MI US","1932-09","62.7","72.3","53.1"
"USC00200230","ANN ARBOR U OF MICH, MI US","1932-10","51.9","60.0","43.6"
"USC00200230","ANN ARBOR U OF MICH, MI US","1932-11","35.1","42.2","27.9"
"USC00200230","ANN ARBOR U OF MICH, MI US","1932-12","28.0","35.7","20.3"
"USC00200230","ANN ARBOR U OF MICH, MI US","1933-01","33.2","40.1","26.3"
"USC00200230","ANN ARBOR U OF MICH, MI US","1933-02","26.3","34.8","18.0"
"USC00200230","ANN ARBOR U OF MICH, MI US","1933-03","33.8","40.5","27.0"
"USC00200230","ANN ARBOR U OF MICH, MI US","1933-04","47.8","56.9","38.7"
"USC00200230","ANN ARBOR U OF MICH, MI US","1933-05","59.4","68.3","50.6"
"USC00200230","ANN ARBOR U OF MICH, MI US","1933-06","74.0","86.4","61.5"
"USC00200230","ANN ARBOR U OF MICH, MI US","1933-07","74.6","86.3","62.7"
"USC00200230","ANN ARBOR U OF MICH, MI US","1933-08","71.0","82.1","60.0"
"USC00200230","ANN ARBOR U OF MICH, MI US","1933-09","67.9","77.8","58.1"
"USC00200230","ANN ARBOR U OF MICH, MI US","1933-10","49.5","58.6","40.3"
"USC00200230","ANN ARBOR U OF MICH, MI US","1933-11","35.1","42.7","27.6"
"USC00200230","ANN ARBOR U OF MICH, MI US","1933-12","27.9","35.0","20.8"
"USC00200230","ANN ARBOR U OF MICH, MI US","1934-01",,,"22.3"
"USC00200230","ANN ARBOR U OF MICH, MI US","1934-02","15.6","25.4","5.8"
"USC00200230","ANN ARBOR U OF MICH, MI US","1934-03","30.4","39.1","21.6"
"USC00200230","ANN ARBOR U OF MICH, MI US","1934-04","44.7","54.1","35.3"
"USC00200230","ANN ARBOR U OF MICH, MI US","1934-05","63.3","75.8","50.7"
"USC00200230","ANN ARBOR U OF MICH, MI US","1934-06","74.3","87.7","60.9"
"USC00200230","ANN ARBOR U OF MICH, MI US","1934-07","77.3","89.7","65.0"
"USC00200230","ANN ARBOR U OF MICH, MI US","1934-08","71.3","83.6","59.1"
"USC00200230","ANN ARBOR U OF MICH, MI US","1934-09","66.2","75.6","56.8"
"USC00200230","ANN ARBOR U OF MICH, MI US","1934-10","52.0","61.1","42.9"
"USC00200230","ANN ARBOR U OF MICH, MI US","1934-11","43.0","49.3","36.6"
"USC00200230","ANN ARBOR U OF MICH, MI US","1934-12","25.6","31.2","20.0"
"USC00200230","ANN ARBOR U OF MICH, MI US","1935-01","24.3","31.0","17.6"
"USC00200230","ANN ARBOR U OF MICH, MI US","1935-02","25.3","31.9","18.6"
"USC00200230","ANN ARBOR U OF MICH, MI US","1935-03","39.7","49.1","30.4"
"USC00200230","ANN ARBOR U OF MICH, MI US","1935-04","44.8","53.9","35.8"
"USC00200230","ANN ARBOR U OF MICH, MI US","1935-05","53.1","63.0","43.3"
"USC00200230","ANN ARBOR U OF MICH, MI US","1935-06","64.6","73.9","55.3"
"USC00200230","ANN ARBOR U OF MICH, MI US","1935-07","75.9","85.4","66.3"
"USC00200230","ANN ARBOR U OF MICH, MI US","1935-08","71.7","80.8","62.5"
"USC00200230","ANN ARBOR U OF MICH, MI US","1935-09","62.1","73.4","50.8"
"USC00200230","ANN ARBOR U OF MICH, MI US","1935-10","51.3","61.0","41.6"
"USC00200230","ANN ARBOR U OF MICH, MI US","1935-11","38.8","44.5","33.2"
"USC00200230","ANN ARBOR U OF MICH, MI US","1935-12","24.5","29.2","19.8"
"USC00200230","ANN ARBOR U OF MICH, MI US","1936-01","20.6","26.9","14.3"
"USC00200230","ANN ARBOR U OF MICH, MI US","1936-02","15.5","23.9","7.0"
"USC00200230","ANN ARBOR U OF MICH, MI US","1936-03","37.6","46.0","29.1"
"USC00200230","ANN ARBOR U OF MICH, MI US","1936-04","42.6","51.6","33.6"
"USC00200230","ANN ARBOR U OF MICH, MI US","1936-05","62.8","74.9","50.7"
"USC00200230","ANN ARBOR U OF MICH, MI US","1936-06","66.9","78.8","55.1"
"USC00200230","ANN ARBOR U OF MICH, MI US","1936-07","75.4","88.4","62.5"
"USC00200230","ANN ARBOR U OF MICH, MI US","1936-08","74.6","87.1","62.1"
"USC00200230","ANN ARBOR U OF MICH, MI US","1936-09","65.9","76.3","55.6"
"USC00200230","ANN ARBOR U OF MICH, MI US","1936-10","50.6","59.9","41.3"
"USC00200230","ANN ARBOR U OF MICH, MI US","1936-11","35.4","43.0","27.9"
"USC00200230","ANN ARBOR U OF MICH, MI US","1936-12","31.8","39.1","24.5"
"USC00200230","ANN ARBOR U OF MICH, MI US","1937-01","29.4","37.3","21.4"
"USC00200230","ANN ARBOR U OF MICH, MI US","1937-02","27.8","35.1","20.6"
"USC00200230","ANN ARBOR U OF MICH, MI US","1937-03","31.7","39.3","24.2"
"USC00200230","ANN ARBOR U OF MICH, MI US","1937-04","45.5","54.7","36.3"
"USC00200230","ANN ARBOR U OF MICH, MI US","1937-05","59.1","69.6","48.6"
"USC00200230","ANN ARBOR U OF MICH, MI US","1937-06","67.1","76.4","57.7"
"USC00200230","ANN ARBOR U OF MICH, MI US","1937-07","72.5","82.4","62.6"
"USC00200230","ANN ARBOR U OF MICH, MI US","1937-08","73.5","83.6","63.4"
"USC00200230","ANN ARBOR U OF MICH, MI US","1937-09","61.8","72.8","50.9"
"USC00200230","ANN ARBOR U OF MICH, MI US","1937-10","48.8","57.2","40.5"
"USC00200230","ANN ARBOR U OF MICH, MI US","1937-11","37.4","44.6","30.2"
"USC00200230","ANN ARBOR U OF MICH, MI US","1937-12","26.4","31.6","21.2"
"USC00200230","ANN ARBOR U OF MICH, MI US","1938-01","24.1","30.7","17.5"
"USC00200230","ANN ARBOR U OF MICH, MI US","1938-02","31.3","39.1","23.6"
"USC00200230","ANN ARBOR U OF MICH, MI US","1938-03","41.8","52.0","31.6"
"USC00200230","ANN ARBOR U OF MICH, MI US","1938-04","48.8","58.4","39.1"
"USC00200230","ANN ARBOR U OF MICH, MI US","1938-05","58.7","69.4","48.1"
"USC00200230","ANN ARBOR U OF MICH, MI US","1938-06","67.5","77.8","57.3"
"USC00200230","ANN ARBOR U OF MICH, MI US","1938-07","73.1","83.2","63.1"
"USC00200230","ANN ARBOR U OF MICH, MI US","1938-08","74.4","85.0","63.8"
"USC00200230","ANN ARBOR U OF MICH, MI US","1938-09","62.4","71.6","53.2"
"USC00200230","ANN ARBOR U OF MICH, MI US","1938-10","56.2","68.1","44.3"
"USC00200230","ANN ARBOR U OF MICH, MI US","1938-11","42.1","52.1","32.2"
"USC00200230","ANN ARBOR U OF MICH, MI US","1938-12","28.9","34.6","23.2"
"USC00200230","ANN ARBOR U OF MICH, MI US","1939-01","27.6","34.3","20.9"
"USC00200230","ANN ARBOR U OF MICH, MI US","1939-02","26.1","34.0","18.1"
"USC00200230","ANN ARBOR U OF MICH, MI US","1939-03","34.1","42.1","26.1"
"USC00200230","ANN ARBOR U OF MICH, MI US","1939-04","44.6","53.8","35.3"
"USC00200230","ANN ARBOR U OF MICH, MI US","1939-05","62.5","74.7","50.4"
"USC00200230","ANN ARBOR U OF MICH, MI US","1939-06","70.3","80.9","59.7"
"USC00200230","ANN ARBOR U OF MICH, MI US","1939-07","73.4","84.9","62.0"
"USC00200230","ANN ARBOR U OF MICH, MI US","1939-08","72.9","84.1","61.6"
"USC00200230","ANN ARBOR U OF MICH, MI US","1939-09","66.9","78.7","55.0"
"USC00200230","ANN ARBOR U OF MICH, MI US","1939-10","52.8","63.1","42.6"
"USC00200230","ANN ARBOR U OF MICH, MI US","1939-11","38.9","46.5","31.4"
"USC00200230","ANN ARBOR U OF MICH, MI US","1939-12","33.0","38.7","27.3"
"USC00200230","ANN ARBOR U OF MICH, MI US","1940-01","18.1","23.6","12.6"
"USC00200230","ANN ARBOR U OF MICH, MI US","1940-02","26.4","32.6","20.1"
"USC00200230","ANN ARBOR U OF MICH, MI US","1940-03","28.4","34.3","22.4"
"USC00200230","ANN ARBOR U OF MICH, MI US","1940-04","43.0","52.6","33.3"
"USC00200230","ANN ARBOR U OF MICH, MI US","1940-05","56.5","66.7","46.3"
"USC00200230","ANN ARBOR U OF MICH, MI US","1940-06","68.6","78.7","58.5"
"USC00200230","ANN ARBOR U OF MICH, MI US","1940-07","73.5","85.0","62.1"
"USC00200230","ANN ARBOR U OF MICH, MI US","1940-08","70.2","79.6","60.9"
"USC00200230","ANN ARBOR U OF MICH, MI US","1940-09","63.4","73.7","53.1"
"USC00200230","ANN ARBOR U OF MICH, MI US","1940-10","52.4","61.7","43.2"
"USC00200230","ANN ARBOR U OF MICH, MI US","1940-11","37.2","44.2","30.3"
"USC00200230","ANN ARBOR U OF MICH, MI US","1940-12","31.6","37.4","25.9"
"USC00200230","ANN ARBOR U OF MICH, MI US","1941-01","25.8","31.0","20.7"
"USC00200230","ANN ARBOR U OF MICH, MI US","1941-02","24.9","31.6","18.2"
"USC00200230","ANN ARBOR U OF MICH, MI US","1941-03","30.4","38.8","22.1"
"USC00200230","ANN ARBOR U OF MICH, MI US","1941-04","52.8","64.0","41.6"
"USC00200230","ANN ARBOR U OF MICH, MI US","1941-05","62.2","73.7","50.6"
"USC00200230","ANN ARBOR U OF MICH, MI US","1941-06","69.2","79.2","59.2"
"USC00200230","ANN ARBOR U OF MICH, MI US","1941-07","73.6","85.1","62.1"
"USC00200230","ANN ARBOR U OF MICH, MI US","1941-08","70.9","82.5","59.3"
"USC00200230","ANN ARBOR U OF MICH, MI US","1941-09","66.7","78.0","55.3"
"USC00200230","ANN ARBOR U OF MICH, MI US","1941-10","54.9","63.0","46.7"
"USC00200230","ANN ARBOR U OF MICH, MI US","1941-11","41.8","49.5","34.1"
"USC00200230","ANN ARBOR U OF MICH, MI US","1941-12","34.4","40.1","28.7"
"USC00200230","ANN ARBOR U OF MICH, MI US","1942-01","24.6","31.6","17.6"
"USC00200230","ANN ARBOR U OF MICH, MI US","1942-02","22.0","28.3","15.8"
"USC00200230","ANN ARBOR U OF MICH, MI US","1942-03","37.0","44.1","29.9"
"USC00200230","ANN ARBOR U OF MICH, MI US","1942-04","52.8","64.7","40.9"
"USC00200230","ANN ARBOR U OF MICH, MI US","1942-05","60.6","71.3","49.8"
"USC00200230","ANN ARBOR U OF MICH, MI US","1942-06","68.8","79.2","58.4"
"USC00200230","ANN ARBOR U OF MICH, MI US","1942-07","72.9","83.3","62.5"
"USC00200230","ANN ARBOR U OF MICH, MI US","1942-08","69.7","79.2","60.1"
"USC00200230","ANN ARBOR U OF MICH, MI US","1942-09","62.0","72.4","51.5"
"USC00200230","ANN ARBOR U OF MICH, MI US","1942-10","52.9","62.5","43.3"
"USC00200230","ANN ARBOR U OF MICH, MI US","1942-11","40.4","48.9","31.9"
"USC00200230","ANN ARBOR U OF MICH, MI US","1942-12","24.8","30.3","19.3"
"USC00200230","ANN ARBOR U OF MICH, MI US","1943-01","21.1","28.1","14.1"
"USC00200230","ANN ARBOR U OF MICH, MI US","1943-02","28.0","36.6","19.4"
"USC00200230","ANN ARBOR U OF MICH, MI US","1943-03","33.3","43.1","23.5"
"USC00200230","ANN ARBOR U OF MICH, MI US","1943-04","43.6","54.7","32.5"
"USC00200230","ANN ARBOR U OF MICH, MI US","1943-05","57.2","66.9","47.6"
"USC00200230","ANN ARBOR U OF MICH, MI US","1943-06","72.6","82.5","62.6"
"USC00200230","ANN ARBOR U OF MICH, MI US","1943-07","72.5","83.0","62.0"
"USC00200230","ANN ARBOR U OF MICH, MI US","1943-08","71.0","81.3","60.7"
"USC00200230","ANN ARBOR U OF MICH, MI US","1943-09","60.6","71.2","50.0"
"USC00200230","ANN ARBOR U OF MICH, MI US","1943-10","50.3","59.9","40.8"
"USC00200230","ANN ARBOR U OF MICH, MI US","1943-11","37.6","44.4","30.7"
"USC00200230","ANN ARBOR U OF MICH, MI US","1943-12","26.9","34.0","19.8"
"USC00200230","ANN ARBOR U OF MICH, MI US","1944-01","29.8","37.4","22.2"
"USC00200230","ANN ARBOR U OF MICH, MI US","1944-02","27.7","35.4","20.0"
"USC00200230","ANN ARBOR U OF MICH, MI US","1944-03","30.3","37.8","22.7"
"USC00200230","ANN ARBOR U OF MICH, MI US","1944-04","42.8","51.6","33.9"
"USC00200230","ANN ARBOR U OF MICH, MI US","1944-05","63.0","73.1","53.0"
"USC00200230","ANN ARBOR U OF MICH, MI US","1944-06","71.2","82.1","60.2"
"USC00200230","ANN ARBOR U OF MICH, MI US","1944-07","73.3","84.7","61.9"
"USC00200230","ANN ARBOR U OF MICH, MI US","1944-08","73.5","84.6","62.5"
"USC00200230","ANN ARBOR U OF MICH, MI US","1944-09","64.7","74.5","54.8"
"USC00200230","ANN ARBOR U OF MICH, MI US","1944-10","52.4","62.1","42.7"
"USC00200230","ANN ARBOR U OF MICH, MI US","1944-11","41.6","47.1","36.1"
"USC00200230","ANN ARBOR U OF MICH, MI US","1944-12","24.6","30.2","18.9"
"USC00200230","ANN ARBOR U OF MICH, MI US","1945-01","18.4","24.9","11.9"
"USC00200230","ANN ARBOR U OF MICH, MI US","1945-02","27.6","33.8","21.5"
"USC00200230","ANN ARBOR U OF MICH, MI US","1945-03","48.2","59.5","36.9"
"USC00200230","ANN ARBOR U OF MICH, MI US","1945-04","50.1","59.7","40.5"
"USC00200230","ANN ARBOR U OF MICH, MI US","1945-05","52.3","61.5","43.2"
"USC00200230","ANN ARBOR U OF MICH, MI US","1945-06","65.2","74.6","55.7"
"USC00200230","ANN ARBOR U OF MICH, MI US","1945-07","70.2","79.8","60.6"
"USC00200230","ANN ARBOR U OF MICH, MI US","1945-08","70.6","80.9","60.4"
"USC00200230","ANN ARBOR U OF MICH, MI US","1945-09","63.9","72.2","55.6"
"USC00200230","ANN ARBOR U OF MICH, MI US","1945-10","49.8","59.2","40.4"
"USC00200230","ANN ARBOR U OF MICH, MI US","1945-11","40.1","47.4","32.9"
"USC00200230","ANN ARBOR U OF MICH, MI US","1945-12","22.8","28.0","17.7"
"USC00200230","ANN ARBOR U OF MICH, MI US","1946-01","27.0","35.7","18.3"
"USC00200230","ANN ARBOR U OF MICH, MI US","1946-02","27.1","36.4","17.8"
"USC00200230","ANN ARBOR U OF MICH, MI US","1946-03","45.9","56.8","34.9"
"USC00200230","ANN ARBOR U OF MICH, MI US","1946-04","47.9","58.8","36.9"
"USC00200230","ANN ARBOR U OF MICH, MI US","1946-05","55.5","65.2","45.8"
"USC00200230","ANN ARBOR U OF MICH, MI US","1946-06","65.0","74.8","55.1"
"USC00200230","ANN ARBOR U OF MICH, MI US","1946-07","71.4","82.4","60.4"
"USC00200230","ANN ARBOR U OF MICH, MI US","1946-08","66.7","77.4","56.0"
"USC00200230","ANN ARBOR U OF MICH, MI US","1946-09","64.0","75.5","52.6"
"USC00200230","ANN ARBOR U OF MICH, MI US","1946-10","56.5","68.2","44.8"
"USC00200230","ANN ARBOR U OF MICH, MI US","1946-11","43.0","51.3","34.6"
"USC00200230","ANN ARBOR U OF MICH, MI US","1946-12","31.7","40.5","22.8"
"USC00200230","ANN ARBOR U OF MICH, MI US","1947-01","28.8","37.0","20.5"
"USC00200230","ANN ARBOR U OF MICH, MI US","1947-02","20.4","27.6","13.2"
"USC00200230","ANN ARBOR U OF MICH, MI US","1947-03","29.6","36.6","22.6"
"USC00200230","ANN ARBOR U OF MICH, MI US","1947-04","44.3","53.9","34.7"
"USC00200230","ANN ARBOR U OF MICH, MI US","1947-05","52.8","62.2","43.5"
"USC00200230","ANN ARBOR U OF MICH, MI US","1947-06","64.0","74.0","54.1"
"USC00200230","ANN ARBOR U OF MICH, MI US","1947-07","68.7","77.7","59.7"
"USC00200230","ANN ARBOR U OF MICH, MI US","1947-08","75.6","86.1","65.0"
"USC00200230","ANN ARBOR U OF MICH, MI US","1947-09","63.7","73.5","53.9"
"USC00200230","ANN ARBOR U OF MICH, MI US","1947-10","59.5","69.5","49.5"
"USC00200230","ANN ARBOR U OF MICH, MI US","1947-11","35.8","41.6","30.0"
"USC00200230","ANN ARBOR U OF MICH, MI US","1947-12","27.1","32.6","21.5"
"USC00200230","ANN ARBOR U OF MICH, MI US","1948-01","19.5","26.5","12.4"
"USC00200230","ANN ARBOR U OF MICH, MI US","1948-02","24.6","32.1","17.1"
"USC00200230","ANN ARBOR U OF MICH, MI US","1948-03","34.4","44.1","24.7"
"USC00200230","ANN ARBOR U OF MICH, MI US","1948-04","50.5","60.7","40.2"
"USC00200230","ANN ARBOR U OF MICH, MI US","1948-05","56.0","65.8","46.1"
"USC00200230","ANN ARBOR U OF MICH, MI US","1948-06","66.7","75.7","57.6"
"USC00200230","ANN ARBOR U OF MICH, MI US","1948-07","73.2","81.9","64.4"
"USC00200230","ANN ARBOR U OF MICH, MI US","1948-08","71.5","81.9","61.2"
"USC00200230","ANN ARBOR U OF MICH, MI US","1948-09","66.0","75.5","56.6"
"USC00200230","ANN ARBOR U OF MICH, MI US","1948-10","49.3","57.4","41.3"
"USC00200230","ANN ARBOR U OF MICH, MI US","1948-11","44.0","49.8","38.2"
"USC00200230","ANN ARBOR U OF MICH, MI US","1948-12","30.6","36.9","24.2"
"USC00200230","ANN ARBOR U OF MICH, MI US","1949-01","30.0","36.6","23.4"
"USC00200230","ANN ARBOR U OF MICH, MI US","1949-02","29.7","37.5","22.0"
"USC00200230","ANN ARBOR U OF MICH, MI US","1949-03","35.3","44.2","26.4"
"USC00200230","ANN ARBOR U OF MICH, MI US","1949-04","47.2","57.6","36.7"
"USC00200230","ANN ARBOR U OF MICH, MI US","1949-05","60.5","71.5","49.5"
"USC00200230","ANN ARBOR U OF MICH, MI US","1949-06","72.1","83.0","61.1"
"USC00200230","ANN ARBOR U OF MICH, MI US","1949-07","75.3","85.1","65.4"
"USC00200230","ANN ARBOR U OF MICH, MI US","1949-08","71.3","81.6","61.1"
"USC00200230","ANN ARBOR U OF MICH, MI US","1949-09","58.9","69.6","48.3"
"USC00200230","ANN ARBOR U OF MICH, MI US","1949-10","57.8","68.5","47.2"
"USC00200230","ANN ARBOR U OF MICH, MI US","1949-11","39.3","47.0","31.5"
"USC00200230","ANN ARBOR U OF MICH, MI US","1949-12","32.6","40.6","24.5"
"USC00200230","ANN ARBOR U OF MICH, MI US","1950-01","32.5","42.9","22.2"
"USC00200230","ANN ARBOR U OF MICH, MI US","1950-02","26.4","33.9","18.8"
"USC00200230","ANN ARBOR U OF MICH, MI US","1950-03","30.7","39.6","21.7"
"USC00200230","ANN ARBOR U OF MICH, MI US","1950-04","41.4","50.7","32.3"
"USC00200230","ANN ARBOR U OF MICH, MI US","1950-05","59.7","71.7","47.8"
"USC00200230","ANN ARBOR U OF MICH, MI US","1950-06","67.9","79.3","56.4"
"USC00200230","ANN ARBOR U OF MICH, MI US","1950-07","70.4","82.3","58.4"
"USC00200230","ANN ARBOR U OF MICH, MI US","1950-08","68.7","79.6","57.7"
"USC00200230","ANN ARBOR U OF MICH, MI US","1950-09","62.3","71.4","53.1"
"USC00200230","ANN ARBOR U OF MICH, MI US","1950-11","34.9","42.4","27.4"
"USC00200230","ANN ARBOR U OF MICH, MI US","1950-12","24.2","30.8","17.6"
"USC00200230","ANN ARBOR U OF MICH, MI US","1951-01","26.8","34.4","19.1"
"USC00200230","ANN ARBOR U OF MICH, MI US","1951-02","26.4","34.0","18.9"
"USC00200230","ANN ARBOR U OF MICH, MI US","1951-03","35.5","43.5","27.6"
"USC00200230","ANN ARBOR U OF MICH, MI US","1951-04","45.6","54.3","37.0"
"USC00200230","ANN ARBOR U OF MICH, MI US","1951-05","60.1","71.0","49.2"
"USC00200230","ANN ARBOR U OF MICH, MI US","1951-06","66.8","76.7","57.0"
"USC00200230","ANN ARBOR U OF MICH, MI US","1951-07","71.7","81.4","62.1"
"USC00200230","ANN ARBOR U OF MICH, MI US","1951-08","68.1","77.5","58.7"
"USC00200230","ANN ARBOR U OF MICH, MI US","1951-09","60.9","71.3","50.5"
"USC00200230","ANN ARBOR U OF MICH, MI US","1951-10","54.5","64.8","44.2"
"USC00200230","ANN ARBOR U OF MICH, MI US","1951-11","33.0","39.7","26.3"
"USC00200230","ANN ARBOR U OF MICH, MI US","1951-12","27.4","34.5","20.2"
"USC00200230","ANN ARBOR U OF MICH, MI US","1952-01","28.7","35.5","21.8"
"USC00200230","ANN ARBOR U OF MICH, MI US","1952-02","29.6","36.0","23.1"
"USC00200230","ANN ARBOR U OF MICH, MI US","1952-03","34.5","41.9","27.0"
"USC00200230","ANN ARBOR U OF MICH, MI US","1952-04","49.7","59.4","40.0"
"USC00200230","ANN ARBOR U OF MICH, MI US","1952-05","57.5","67.4","47.6"
"USC00200230","ANN ARBOR U OF MICH, MI US","1952-06","72.1","83.2","61.1"
"USC00200230","ANN ARBOR U OF MICH, MI US","1952-07","75.4","86.2","64.6"
"USC00200230","ANN ARBOR U OF MICH, MI US","1952-08","71.1","82.0","60.1"
"USC00200230","ANN ARBOR U OF MICH, MI US","1952-09","64.7","75.8","53.7"
"USC00200230","ANN ARBOR U OF MICH, MI US","1952-10","48.3","59.6","36.9"
"USC00200230","ANN ARBOR U OF MICH, MI US","1952-11","42.8","50.7","34.9"
"USC00200230","ANN ARBOR U OF MICH, MI US","1952-12","33.3","38.5","28.1"
"USC00200230","ANN ARBOR U OF MICH, MI US","1953-01","29.9","35.9","24.0"
"USC00200230","ANN ARBOR U OF MICH, MI US","1953-02","31.5","39.4","23.6"
"USC00200230","ANN ARBOR U OF MICH, MI US","1953-03","37.4","45.2","29.7"
"USC00200230","ANN ARBOR U OF MICH, MI US","1953-04","44.3","53.3","35.4"
"USC00200230","ANN ARBOR U OF MICH, MI US","1953-05","61.2","71.8","50.6"
"USC00200230","ANN ARBOR U OF MICH, MI US","1953-06","71.1","82.0","60.3"
"USC00200230","ANN ARBOR U OF MICH, MI US","1953-07","73.3","83.6","63.1"
"USC00200230","ANN ARBOR U OF MICH, MI US","1953-08","73.0","84.2","61.8"
"USC00200230","ANN ARBOR U OF MICH, MI US","1953-09","63.8","76.3","51.3"
"USC00200230","ANN ARBOR U OF MICH, MI US","1953-10","56.7","68.8","44.6"
"USC00200230","ANN ARBOR U OF MICH, MI US","1953-11","42.7","50.5","34.9"
"USC00200230","ANN ARBOR U OF MICH, MI US","1953-12","31.7","39.0","24.5"
"USC00200230","ANN ARBOR U OF MICH, MI US","1954-01","24.9","32.1","17.8"
"USC00200230","ANN ARBOR U OF MICH, MI US","1954-02","33.1","41.0","25.2"
"USC00200230","ANN ARBOR U OF MICH, MI US","1954-03","32.7","41.3","24.0"
"USC00200230","ANN ARBOR U OF MICH, MI US","1954-04","50.1","61.1","39.1"
"USC00200230","ANN ARBOR U OF MICH, MI US","1954-05","54.0","64.7","43.2"
"USC00200230","ANN ARBOR U OF MICH, MI US","1954-06","70.2","80.3","60.2"
"USC00200230","ANN ARBOR U OF MICH, MI US","1954-07","70.8","81.6","60.0"
"USC00200230","ANN ARBOR U OF MICH, MI US","1954-08","68.7","79.2","58.2"
"USC00200230","ANN ARBOR U OF MICH, MI US","1954-09","63.3","73.8","52.8"
"USC00200230","ANN ARBOR U OF MICH, MI US","1954-10","53.2","61.7","44.7"
"USC00200230","ANN ARBOR U OF MICH, MI US","1954-11","38.6","47.4","29.8"
"USC00200230","ANN ARBOR U OF MICH, MI US","1955-02","25.3","33.7","17.0"
"USC00200230","ANN ARBOR U OF MICH, MI US","1955-03",,"45.2",
"USC00200230","ANN ARBOR U OF MICH, MI US","1955-04","53.8","65.1","42.5"
"USC00200230","ANN ARBOR U OF MICH, MI US","1955-07","77.6","87.9","67.3"
"USC00200230","ANN ARBOR U OF MICH, MI US","1955-10","54.4","64.7","44.2"
"USC00200230","ANN ARBOR U OF MICH, MI US","1955-11","36.9","45.4","28.4"
"USC00200230","ANN ARBOR U OF MICH, MI US","1955-12","26.5","33.0","20.0"
"USC00200230","ANN ARBOR U OF MICH, MI US","1956-01","24.7","32.3","17.1"
"USC00200230","ANN ARBOR U OF MICH, MI US","1956-02","28.4","36.8","20.0"
"USC00200230","ANN ARBOR U OF MICH, MI US","1956-03","32.4","41.1","23.8"
"USC00200230","ANN ARBOR U OF MICH, MI US","1956-04","45.6","57.1","34.1"
"USC00200230","ANN ARBOR U OF MICH, MI US","1956-05","58.5","70.1","47.0"
"USC00200230","ANN ARBOR U OF MICH, MI US","1956-06","71.3","82.9","59.6"
"USC00200230","ANN ARBOR U OF MICH, MI US","1956-07","71.0","81.2","60.7"
"USC00200230","ANN ARBOR U OF MICH, MI US","1956-08","70.5","80.5","60.6"
"USC00200230","ANN ARBOR U OF MICH, MI US","1956-09","59.7","70.3","49.1"
"USC00200230","ANN ARBOR U OF MICH, MI US","1956-10","56.9","67.8","45.9"
"USC00200230","ANN ARBOR U OF MICH, MI US","1956-11","39.3","47.7","30.7"
"USC00200230","ANN ARBOR U OF MICH, MI US","1956-12","34.4","41.0","27.8"
"USC00200230","ANN ARBOR U OF MICH, MI US","1957-01","21.0","28.0","13.9"
"USC00200230","ANN ARBOR U OF MICH, MI US","1957-02","31.0","38.9","23.1"
"USC00200230","ANN ARBOR U OF MICH, MI US","1957-03","36.9","46.5","27.2"
"USC00200230","ANN ARBOR U OF MICH, MI US","1957-04","49.1","58.1","40.2"
"USC00200230","ANN ARBOR U OF MICH, MI US","1957-05","57.6","68.1","47.0"
"USC00200230","ANN ARBOR U OF MICH, MI US","1957-06","69.4","80.3","58.5"
"USC00200230","ANN ARBOR U OF MICH, MI US","1957-07","73.2","84.2","62.2"
"USC00200230","ANN ARBOR U OF MICH, MI US","1957-08","70.7","81.8","59.6"
"USC00200230","ANN ARBOR U OF MICH, MI US","1957-09","63.3","73.8","52.9"
"USC00200230","ANN ARBOR U OF MICH, MI US","1957-10","51.2","60.5","41.9"
"USC00200230","ANN ARBOR U OF MICH, MI US","1957-11","39.8","47.4","32.3"
"USC00200230","ANN ARBOR U OF MICH, MI US","1957-12","33.9","41.7","26.1"
"USC00200230","ANN ARBOR U OF MICH, MI US","1958-01","26.3","32.5","20.1"
"USC00200230","ANN ARBOR U OF MICH, MI US","1958-02","22.3","29.5","15.1"
"USC00200230","ANN ARBOR U OF MICH, MI US","1958-03","36.5","43.5","29.5"
"USC00200230","ANN ARBOR U OF MICH, MI US","1958-04","50.1","61.5","38.6"
"USC00200230","ANN ARBOR U OF MICH, MI US","1958-05","59.5","72.9","46.2"
"USC00200230","ANN ARBOR U OF MICH, MI US","1958-06","63.9","75.1","52.7"
"USC00200230","ANN ARBOR U OF MICH, MI US","1958-07","72.5","82.5","62.5"
"USC00200230","ANN ARBOR U OF MICH, MI US","1958-08","70.5","81.9","59.1"
"USC00200230","ANN ARBOR U OF MICH, MI US","1958-09","63.8","74.0","53.6"
"USC00200230","ANN ARBOR U OF MICH, MI US","1958-10","54.6","65.4","43.9"
"USC00200230","ANN ARBOR U OF MICH, MI US","1958-11","41.9","50.6","33.2"
"USC00200230","ANN ARBOR U OF MICH, MI US","1958-12","22.0","30.3","13.8"
"USC00200230","ANN ARBOR U OF MICH, MI US","1959-01","20.8","28.9","12.7"
"USC00200230","ANN ARBOR U OF MICH, MI US","1959-02","25.7","34.4","17.0"
"USC00200230","ANN ARBOR U OF MICH, MI US","1959-03","34.5","44.2","24.9"
"USC00200230","ANN ARBOR U OF MICH, MI US","1959-04","49.5","60.4","38.7"
"USC00200230","ANN ARBOR U OF MICH, MI US","1959-05","62.9","74.6","51.1"
"USC00200230","ANN ARBOR U OF MICH, MI US","1959-06","70.5","82.1","58.9"
"USC00200230","ANN ARBOR U OF MICH, MI US","1959-07","73.5","85.0","61.9"
"USC00200230","ANN ARBOR U OF MICH, MI US","1959-08","75.5","86.3","64.8"
"USC00200230","ANN ARBOR U OF MICH, MI US","1959-09","66.8","78.2","55.3"
"USC00200230","ANN ARBOR U OF MICH, MI US","1959-10","51.3","59.9","42.7"
"USC00200230","ANN ARBOR U OF MICH, MI US","1959-11","36.2","44.2","28.2"
"USC00200230","ANN ARBOR U OF MICH, MI US","1959-12","33.7","39.6","27.9"
"USC00200230","ANN ARBOR U OF MICH, MI US","1960-01","27.5","33.2","21.8"
"USC00200230","ANN ARBOR U OF MICH, MI US","1960-02","27.2","33.3","21.0"
"USC00200230","ANN ARBOR U OF MICH, MI US","1960-03","25.7","34.7","16.7"
"USC00200230","ANN ARBOR U OF MICH, MI US","1960-04","50.8","61.6","40.1"
"USC00200230","ANN ARBOR U OF MICH, MI US","1960-05","57.6","67.5","47.7"
"USC00200230","ANN ARBOR U OF MICH, MI US","1960-06","66.9","78.0","55.7"
"USC00200230","ANN ARBOR U OF MICH, MI US","1960-07","70.5","82.5","58.5"
"USC00200230","ANN ARBOR U OF MICH, MI US","1960-08","71.1","81.9","60.2"
"USC00200230","ANN ARBOR U OF MICH, MI US","1960-09","66.9","78.7","55.1"
"USC00200230","ANN ARBOR U OF MICH, MI US","1960-10","52.2","63.5","40.8"
"USC00200230","ANN ARBOR U OF MICH, MI US","1960-11","41.0","50.1","31.9"
"USC00200230","ANN ARBOR U OF MICH, MI US","1960-12","22.7","31.8","13.5"
"USC00200230","ANN ARBOR U OF MICH, MI US","1961-01","21.9","30.0","13.9"
"USC00200230","ANN ARBOR U OF MICH, MI US","1961-02","31.1","40.7","21.5"
"USC00200230","ANN ARBOR U OF MICH, MI US","1961-05","56.4","67.6","45.1"
"USC00200230","ANN ARBOR U OF MICH, MI US","1961-06","67.3","79.1","55.4"
"USC00200230","ANN ARBOR U OF MICH, MI US","1961-07","72.8","83.4","62.2"
"USC00200230","ANN ARBOR U OF MICH, MI US","1961-08","71.6","81.9","61.4"
"USC00200230","ANN ARBOR U OF MICH, MI US","1961-09","68.8","79.2","58.4"
"USC00200230","ANN ARBOR U OF MICH, MI US","1961-10","55.0","65.6","44.5"
"USC00200230","ANN ARBOR U OF MICH, MI US","1961-11","41.4","50.4","32.5"
"USC00200230","ANN ARBOR U OF MICH, MI US","1961-12","28.5","35.1","21.8"
"USC00200230","ANN ARBOR U OF MICH, MI US","1962-01","21.9","29.6","14.2"
"USC00200230","ANN ARBOR U OF MICH, MI US","1962-02","24.0","30.9","17.1"
"USC00200230","ANN ARBOR U OF MICH, MI US","1962-03","35.1","43.4","26.8"
"USC00200230","ANN ARBOR U OF MICH, MI US","1962-04","47.9","60.1","35.6"
"USC00200230","ANN ARBOR U OF MICH, MI US","1962-05","66.6","77.9","55.3"
"USC00200230","ANN ARBOR U OF MICH, MI US","1962-06","70.7","83.5","57.8"
"USC00200230","ANN ARBOR U OF MICH, MI US","1962-07","71.3","82.2","60.3"
"USC00200230","ANN ARBOR U OF MICH, MI US","1962-08","71.4","82.7","60.1"
"USC00200230","ANN ARBOR U OF MICH, MI US","1962-09","62.2","72.1","52.3"
"USC00200230","ANN ARBOR U OF MICH, MI US","1962-10","55.4","65.2","45.5"
"USC00200230","ANN ARBOR U OF MICH, MI US","1962-11","40.7","47.8","33.6"
"USC00200230","ANN ARBOR U OF MICH, MI US","1962-12","27.0","34.7","19.4"
"USC00200230","ANN ARBOR U OF MICH, MI US","1963-01","17.6","24.2","11.0"
"USC00200230","ANN ARBOR U OF MICH, MI US","1963-02","21.1","30.0","12.2"
"USC00200230","ANN ARBOR U OF MICH, MI US","1963-03","37.8","47.7","28.0"
"USC00200230","ANN ARBOR U OF MICH, MI US","1963-04","50.9","63.2","38.6"
"USC00200230","ANN ARBOR U OF MICH, MI US","1963-05","58.1","70.0","46.1"
"USC00200230","ANN ARBOR U OF MICH, MI US","1963-06","71.5","84.9","58.2"
"USC00200230","ANN ARBOR U OF MICH, MI US","1963-07","73.7","85.4","62.0"
"USC00200230","ANN ARBOR U OF MICH, MI US","1963-08","69.1","80.0","58.2"
"USC00200230","ANN ARBOR U OF MICH, MI US","1963-09","62.9","74.8","51.0"
"USC00200230","ANN ARBOR U OF MICH, MI US","1963-10","62.1","74.7","49.5"
"USC00200230","ANN ARBOR U OF MICH, MI US","1963-11","44.9","52.2","37.6"
"USC00200230","ANN ARBOR U OF MICH, MI US","1963-12","23.2","29.7","16.7"
"USC00200230","ANN ARBOR U OF MICH, MI US","1964-01","29.2","36.5","22.0"
"USC00200230","ANN ARBOR U OF MICH, MI US","1964-03","36.4","46.1","26.8"
"USC00200230","ANN ARBOR U OF MICH, MI US","1964-04","50.4","60.9","39.9"
"USC00200230","ANN ARBOR U OF MICH, MI US","1964-05","64.4","75.6","53.3"
"USC00200230","ANN ARBOR U OF MICH, MI US","1964-06","71.2","83.0","59.4"
"USC00200230","ANN ARBOR U OF MICH, MI US","1964-07","75.1","86.5","63.8"
"USC00200230","ANN ARBOR U OF MICH, MI US","1964-08","67.4","78.1","56.8"
"USC00200230","ANN ARBOR U OF MICH, MI US","1964-10","52.0","63.0","40.9"
"USC00200230","ANN ARBOR U OF MICH, MI US","1964-11","44.9","54.1","35.8"
"USC00200230","ANN ARBOR U OF MICH, MI US","1964-12","28.2","34.8","21.6"
"USC00200230","ANN ARBOR U OF MICH, MI US","1965-01","24.2","31.1","17.3"
"USC00200230","ANN ARBOR U OF MICH, MI US","1965-02","24.7","32.6","16.7"
"USC00200230","ANN ARBOR U OF MICH, MI US","1965-03","29.4","35.3","23.5"
"USC00200230","ANN ARBOR U OF MICH, MI US","1965-05","64.2","76.4","51.9"
"USC00200230","ANN ARBOR U OF MICH, MI US","1965-06","68.4","80.1","56.6"
"USC00200230","ANN ARBOR U OF MICH, MI US","1965-07","69.9","81.3","58.5"
"USC00200230","ANN ARBOR U OF MICH, MI US","1965-08","68.5","78.3","58.6"
"USC00200230","ANN ARBOR U OF MICH, MI US","1965-09","65.6","75.7","55.5"
"USC00200230","ANN ARBOR U OF MICH, MI US","1965-10","50.5","59.4","41.6"
"USC00200230","ANN ARBOR U OF MICH, MI US","1966-01","21.3","28.0","14.5"
"USC00200230","ANN ARBOR U OF MICH, MI US","1966-02","28.8","35.7","22.0"
"USC00200230","ANN ARBOR U OF MICH, MI US","1966-03","39.8","49.0","30.6"
"USC00200230","ANN ARBOR U OF MICH, MI US","1966-04","46.4","55.1","37.6"
"USC00200230","ANN ARBOR U OF MICH, MI US","1966-05","56.1","67.1","45.0"
"USC00200230","ANN ARBOR U OF MICH, MI US","1966-07","76.6","89.2","63.9"
"USC00200230","ANN ARBOR U OF MICH, MI US","1966-08","70.9","81.6","60.3"
"USC00200230","ANN ARBOR U OF MICH, MI US","1966-09","63.8","73.2","54.3"
"USC00200230","ANN ARBOR U OF MICH, MI US","1966-11","43.4","50.0","36.7"
"USC00200230","ANN ARBOR U OF MICH, MI US","1966-12","28.0","33.7","22.4"
"USC00200230","ANN ARBOR U OF MICH, MI US","1967-01","28.6","34.9","22.3"
"USC00200230","ANN ARBOR U OF MICH, MI US","1967-02","22.4","30.4","14.4"
"USC00200230","ANN ARBOR U OF MICH, MI US","1967-03","35.6","44.2","27.0"
"USC00200230","ANN ARBOR U OF MICH, MI US","1967-04","49.9","60.1","39.6"
"USC00200230","ANN ARBOR U OF MICH, MI US","1967-05","56.0","66.3","45.7"
"USC00200230","ANN ARBOR U OF MICH, MI US","1967-06","72.7","82.6","62.8"
"USC00200230","ANN ARBOR U OF MICH, MI US","1967-07","71.6","81.6","61.6"
"USC00200230","ANN ARBOR U OF MICH, MI US","1967-08","69.0","79.6","58.5"
"USC00200230","ANN ARBOR U OF MICH, MI US","1967-09","62.8","73.7","51.9"
"USC00200230","ANN ARBOR U OF MICH, MI US","1967-10","53.2","62.0","44.3"
"USC00200230","ANN ARBOR U OF MICH, MI US","1967-11","37.1","43.1","31.2"
"USC00200230","ANN ARBOR U OF MICH, MI US","1967-12","33.1","39.5","26.7"
"USC00200230","ANN ARBOR U OF MICH, MI US","1968-01","23.9","30.8","16.9"
"USC00200230","ANN ARBOR U OF MICH, MI US","1968-02","24.6","33.2","15.9"
"USC00200230","ANN ARBOR U OF MICH, MI US","1968-03","40.1","50.0","30.3"
"USC00200230","ANN ARBOR U OF MICH, MI US","1968-04","52.0","62.2","41.8"
"USC00200230","ANN ARBOR U OF MICH, MI US","1968-05","57.5","67.3","47.8"
"USC00200230","ANN ARBOR U OF MICH, MI US","1968-06","69.5","79.2","59.7"
"USC00200230","ANN ARBOR U OF MICH, MI US","1968-07","72.6","82.7","62.5"
"USC00200230","ANN ARBOR U OF MICH, MI US","1968-08","73.5","83.2","63.7"
"USC00200230","ANN ARBOR U OF MICH, MI US","1968-09","66.1","74.9","57.3"
"USC00200230","ANN ARBOR U OF MICH, MI US","1968-10","54.5","63.4","45.7"
"USC00200230","ANN ARBOR U OF MICH, MI US","1968-11","41.8","48.7","34.9"
"USC00200230","ANN ARBOR U OF MICH, MI US","1968-12","28.2","34.2","22.3"
"USC00200230","ANN ARBOR U OF MICH, MI US","1969-01","24.9","31.2","18.6"
"USC00200230","ANN ARBOR U OF MICH, MI US","1969-02","29.4","35.3","23.4"
"USC00200230","ANN ARBOR U OF MICH, MI US","1969-03","35.5","44.5","26.4"
"USC00200230","ANN ARBOR U OF MICH, MI US","1969-04","51.3","61.9","40.7"
"USC00200230","ANN ARBOR U OF MICH, MI US","1969-05","60.2","71.1","49.3"
"USC00200230","ANN ARBOR U OF MICH, MI US","1969-06","65.2","75.3","55.2"
"USC00200230","ANN ARBOR U OF MICH, MI US","1969-07","73.5","83.0","64.0"
"USC00200230","ANN ARBOR U OF MICH, MI US","1969-08","74.3","85.0","63.5"
"USC00200230","ANN ARBOR U OF MICH, MI US","1969-09","65.7","75.4","56.0"
"USC00200230","ANN ARBOR U OF MICH, MI US","1969-10","53.2","62.3","44.1"
"USC00200230","ANN ARBOR U OF MICH, MI US","1969-11","40.2","47.3","33.0"
"USC00200230","ANN ARBOR U OF MICH, MI US","1969-12","29.4","35.1","23.6"
"USC00200230","ANN ARBOR U OF MICH, MI US","1970-01","20.2","28.1","12.2"
"USC00200230","ANN ARBOR U OF MICH, MI US","1970-02","26.1","35.3","17.0"
"USC00200230","ANN ARBOR U OF MICH, MI US","1970-03","33.7","42.3","25.2"
"USC00200230","ANN ARBOR U OF MICH, MI US","1970-04","50.5","60.6","40.4"
"USC00200230","ANN ARBOR U OF MICH, MI US","1970-05","63.0","74.4","51.5"
"USC00200230","ANN ARBOR U OF MICH, MI US","1970-06","69.7","79.4","60.0"
"USC00200230","ANN ARBOR U OF MICH, MI US","1970-07","73.7","82.3","65.2"
"USC00200230","ANN ARBOR U OF MICH, MI US","1970-08","73.5","82.8","64.1"
"USC00200230","ANN ARBOR U OF MICH, MI US","1970-09","66.0","75.5","56.5"
"USC00200230","ANN ARBOR U OF MICH, MI US","1970-10","56.3","65.0","47.6"
"USC00200230","ANN ARBOR U OF MICH, MI US","1970-11","41.3","47.4","35.1"
"USC00200230","ANN ARBOR U OF MICH, MI US","1970-12","31.2","38.1","24.3"
"USC00200230","ANN ARBOR U OF MICH, MI US","1971-01","20.7","28.0","13.3"
"USC00200230","ANN ARBOR U OF MICH, MI US","1971-02","27.2","33.9","20.4"
"USC00200230","ANN ARBOR U OF MICH, MI US","1971-03","33.0","40.7","25.3"
"USC00200230","ANN ARBOR U OF MICH, MI US","1971-04","47.2","58.5","35.8"
"USC00200230","ANN ARBOR U OF MICH, MI US","1971-05","58.7","71.0","46.4"
"USC00200230","ANN ARBOR U OF MICH, MI US","1971-06","73.4","84.6","62.1"
"USC00200230","ANN ARBOR U OF MICH, MI US","1971-07","72.0","82.5","61.5"
"USC00200230","ANN ARBOR U OF MICH, MI US","1971-08","71.7","83.5","59.9"
"USC00200230","ANN ARBOR U OF MICH, MI US","1971-09","68.1","77.4","58.7"
"USC00200230","ANN ARBOR U OF MICH, MI US","1971-10","61.4","70.5","52.2"
"USC00200230","ANN ARBOR U OF MICH, MI US","1971-11","41.0","48.4","33.5"
"USC00200230","ANN ARBOR U OF MICH, MI US","1971-12","35.0","42.3","27.7"
"USC00200230","ANN ARBOR U OF MICH, MI US","1972-01","23.4","31.3","15.5"
"USC00200230","ANN ARBOR U OF MICH, MI US","1972-02","25.1","32.3","17.9"
"USC00200230","ANN ARBOR U OF MICH, MI US","1972-03","33.5","43.0","24.0"
"USC00200230","ANN ARBOR U OF MICH, MI US","1972-04","46.4","56.9","36.0"
"USC00200230","ANN ARBOR U OF MICH, MI US","1972-05","63.2","74.7","51.6"
"USC00200230","ANN ARBOR U OF MICH, MI US","1972-06","66.0","76.5","55.5"
"USC00200230","ANN ARBOR U OF MICH, MI US","1972-07","73.2","83.5","63.0"
"USC00200230","ANN ARBOR U OF MICH, MI US","1972-08","70.9","80.3","61.5"
"USC00200230","ANN ARBOR U OF MICH, MI US","1972-09","64.8","74.0","55.6"
"USC00200230","ANN ARBOR U OF MICH, MI US","1972-10","49.2","57.8","40.6"
"USC00200230","ANN ARBOR U OF MICH, MI US","1972-11","38.3","42.8","33.8"
"USC00200230","ANN ARBOR U OF MICH, MI US","1972-12","29.4","34.3","24.6"
"USC00200230","ANN ARBOR U OF MICH, MI US","1973-01","29.2","36.4","22.0"
"USC00200230","ANN ARBOR U OF MICH, MI US","1973-02","26.5","34.4","18.6"
"USC00200230","ANN ARBOR U OF MICH, MI US","1973-03","45.2","53.6","36.9"
"USC00200230","ANN ARBOR U OF MICH, MI US","1973-04","50.0","59.3","40.7"
"USC00200230","ANN ARBOR U OF MICH, MI US","1973-05","56.0","65.8","46.1"
"USC00200230","ANN ARBOR U OF MICH, MI US","1973-06","71.4","80.9","61.8"
"USC00200230","ANN ARBOR U OF MICH, MI US","1973-07","73.4","83.7","63.2"
"USC00200230","ANN ARBOR U OF MICH, MI US","1973-08","73.6","83.5","63.7"
"USC00200230","ANN ARBOR U OF MICH, MI US","1973-09","66.1","76.4","55.8"
"USC00200230","ANN ARBOR U OF MICH, MI US","1973-10","58.1","66.7","49.5"
"USC00200230","ANN ARBOR U OF MICH, MI US","1973-11","42.5","49.5","35.4"
"USC00200230","ANN ARBOR U OF MICH, MI US","1973-12","28.3","34.1","22.5"
"USC00200230","ANN ARBOR U OF MICH, MI US","1974-01","27.2","33.5","20.8"
"USC00200230","ANN ARBOR U OF MICH, MI US","1974-02","24.3","32.3","16.3"
"USC00200230","ANN ARBOR U OF MICH, MI US","1974-03","36.6","44.8","28.5"
"USC00200230","ANN ARBOR U OF MICH, MI US","1974-04","51.1","61.6","40.5"
"USC00200230","ANN ARBOR U OF MICH, MI US","1974-05","56.6","66.6","46.7"
"USC00200230","ANN ARBOR U OF MICH, MI US","1974-06","67.0","76.8","57.1"
"USC00200230","ANN ARBOR U OF MICH, MI US","1974-07","74.4","85.4","63.5"
"USC00200230","ANN ARBOR U OF MICH, MI US","1974-08","72.1","82.0","62.3"
"USC00200230","ANN ARBOR U OF MICH, MI US","1974-09","61.4","71.9","50.8"
"USC00200230","ANN ARBOR U OF MICH, MI US","1974-10","51.6","61.6","41.6"
"USC00200230","ANN ARBOR U OF MICH, MI US","1974-11","40.7","48.0","33.3"
"USC00200230","ANN ARBOR U OF MICH, MI US","1974-12","29.2","34.4","24.0"
"USC00200230","ANN ARBOR U OF MICH, MI US","1975-01","28.5","35.1","22.0"
"USC00200230","ANN ARBOR U OF MICH, MI US","1975-02","27.4","33.7","21.1"
"USC00200230","ANN ARBOR U OF MICH, MI US","1975-03","32.7","40.9","24.5"
"USC00200230","ANN ARBOR U OF MICH, MI US","1975-04","41.3","51.0","31.6"
"USC00200230","ANN ARBOR U OF MICH, MI US","1975-05","63.7","75.3","52.2"
"USC00200230","ANN ARBOR U OF MICH, MI US","1975-06","68.4","78.6","58.2"
"USC00200230","ANN ARBOR U OF MICH, MI US","1975-07","72.2","83.5","60.8"
"USC00200230","ANN ARBOR U OF MICH, MI US","1975-08","71.8","82.0","61.6"
"USC00200230","ANN ARBOR U OF MICH, MI US","1975-09","57.9","66.9","48.9"
"USC00200230","ANN ARBOR U OF MICH, MI US","1975-10","53.2","64.4","42.0"
"USC00200230","ANN ARBOR U OF MICH, MI US","1975-11","45.8","54.3","37.2"
"USC00200230","ANN ARBOR U OF MICH, MI US","1975-12","28.3","35.7","20.9"
"USC00200230","ANN ARBOR U OF MICH, MI US","1976-01","19.1","26.7","11.5"
"USC00200230","ANN ARBOR U OF MICH, MI US","1976-02","32.3","42.5","22.1"
"USC00200230","ANN ARBOR U OF MICH, MI US","1976-03","39.9","50.8","29.1"
"USC00200230","ANN ARBOR U OF MICH, MI US","1976-04","49.4","61.2","37.6"
"USC00200230","ANN ARBOR U OF MICH, MI US","1976-05","56.0","67.3","44.7"
"USC00200230","ANN ARBOR U OF MICH, MI US","1976-06","70.6","81.9","59.3"
"USC00200230","ANN ARBOR U OF MICH, MI US","1976-07","72.9","84.3","61.5"
"USC00200230","ANN ARBOR U OF MICH, MI US","1976-08","69.8","82.2","57.4"
"USC00200230","ANN ARBOR U OF MICH, MI US","1976-09","63.0","75.0","51.0"
"USC00200230","ANN ARBOR U OF MICH, MI US","1976-10","47.1","56.2","37.9"
"USC00200230","ANN ARBOR U OF MICH, MI US","1976-11","32.9","40.5","25.3"
"USC00200230","ANN ARBOR U OF MICH, MI US","1976-12","20.5","29.0","12.1"
"USC00200230","ANN ARBOR U OF MICH, MI US","1977-01","12.3","20.1","4.6"
"USC00200230","ANN ARBOR U OF MICH, MI US","1977-02","24.8","32.4","17.2"
"USC00200230","ANN ARBOR U OF MICH, MI US","1977-03","41.1","50.5","31.7"
"USC00200230","ANN ARBOR U OF MICH, MI US","1977-04","52.2","64.6","39.7"
"USC00200230","ANN ARBOR U OF MICH, MI US","1977-05","64.8","78.6","51.0"
"USC00200230","ANN ARBOR U OF MICH, MI US","1977-06","65.1","76.1","54.1"
"USC00200230","ANN ARBOR U OF MICH, MI US","1977-07","74.0","84.6","63.3"
"USC00200230","ANN ARBOR U OF MICH, MI US","1977-08","68.4","78.1","58.8"
"USC00200230","ANN ARBOR U OF MICH, MI US","1977-09","63.8","72.4","55.3"
"USC00200230","ANN ARBOR U OF MICH, MI US","1977-10","49.2","58.9","39.5"
"USC00200230","ANN ARBOR U OF MICH, MI US","1977-11","40.4","46.3","34.5"
"USC00200230","ANN ARBOR U OF MICH, MI US","1977-12","25.2","31.5","18.9"
"USC00200230","ANN ARBOR U OF MICH, MI US","1978-01","18.8","25.1","12.5"
"USC00200230","ANN ARBOR U OF MICH, MI US","1978-02","15.7","24.6","6.8"
"USC00200230","ANN ARBOR U OF MICH, MI US","1978-03","29.5","37.6","21.4"
"USC00200230","ANN ARBOR U OF MICH, MI US","1978-04","46.0","57.8","34.3"
"USC00200230","ANN ARBOR U OF MICH, MI US","1978-05","59.2","69.4","49.0"
"USC00200230","ANN ARBOR U OF MICH, MI US","1978-06","67.6","78.7","56.5"
"USC00200230","ANN ARBOR U OF MICH, MI US","1978-07","70.6","81.2","59.9"
"USC00200230","ANN ARBOR U OF MICH, MI US","1978-08","71.2","82.3","60.1"
"USC00200230","ANN ARBOR U OF MICH, MI US","1978-09","67.0","78.9","55.1"
"USC00200230","ANN ARBOR U OF MICH, MI US","1978-10","50.0","59.8","40.2"
"USC00200230","ANN ARBOR U OF MICH, MI US","1978-11","40.6","49.0","32.1"
"USC00200230","ANN ARBOR U OF MICH, MI US","1978-12","28.3","34.5","22.2"
"USC00200230","ANN ARBOR U OF MICH, MI US","1979-01","18.0","24.0","12.0"
"USC00200230","ANN ARBOR U OF MICH, MI US","1979-02","15.8","23.6","8.0"
"USC00200230","ANN ARBOR U OF MICH, MI US","1979-03","38.6","48.2","29.1"
"USC00200230","ANN ARBOR U OF MICH, MI US","1979-04","45.0","54.5","35.6"
"USC00200230","ANN ARBOR U OF MICH, MI US","1979-05","57.2","68.6","45.9"
"USC00200230","ANN ARBOR U OF MICH, MI US","1979-06","67.9","80.0","55.9"
"USC00200230","ANN ARBOR U OF MICH, MI US","1979-07","69.9","80.0","59.9"
"USC00200230","ANN ARBOR U OF MICH, MI US","1979-08","68.5","77.8","59.1"
"USC00200230","ANN ARBOR U OF MICH, MI US","1979-09","64.2","76.2","52.2"
"USC00200230","ANN ARBOR U OF MICH, MI US","1979-10","51.2","59.0","43.3"
"USC00200230","ANN ARBOR U OF MICH, MI US","1979-11","40.0","47.3","32.6"
"USC00200230","ANN ARBOR U OF MICH, MI US","1979-12","32.2","39.5","24.8"
"USC00200230","ANN ARBOR U OF MICH, MI US","1980-01","24.3","30.6","18.0"
"USC00200230","ANN ARBOR U OF MICH, MI US","1980-02","22.1","28.8","15.3"
"USC00200230","ANN ARBOR U OF MICH, MI US","1980-03","31.5","39.8","23.1"
"USC00200230","ANN ARBOR U OF MICH, MI US","1980-04","47.0","56.4","37.7"
"USC00200230","ANN ARBOR U OF MICH, MI US","1980-05","60.5","72.0","49.0"
"USC00200230","ANN ARBOR U OF MICH, MI US","1980-06","64.8","76.2","53.5"
"USC00200230","ANN ARBOR U OF MICH, MI US","1980-07","73.5","84.2","62.7"
"USC00200230","ANN ARBOR U OF MICH, MI US","1980-08","72.6","81.4","63.7"
"USC00200230","ANN ARBOR U OF MICH, MI US","1980-09","64.5","74.9","54.1"
"USC00200230","ANN ARBOR U OF MICH, MI US","1980-10","47.4","56.5","38.2"
"USC00200230","ANN ARBOR U OF MICH, MI US","1980-11","38.2","46.3","30.2"
"USC00200230","ANN ARBOR U OF MICH, MI US","1980-12","26.1","33.5","18.7"
"USC00200230","ANN ARBOR U OF MICH, MI US","1981-01","19.9","27.6","12.2"
"USC00200230","ANN ARBOR U OF MICH, MI US","1981-02","28.0","35.2","20.8"
"USC00200230","ANN ARBOR U OF MICH, MI US","1981-03","36.8","45.9","27.7"
"USC00200230","ANN ARBOR U OF MICH, MI US","1981-04","50.6","61.5","39.8"
"USC00200230","ANN ARBOR U OF MICH, MI US","1981-05","57.0","68.2","45.9"
"USC00200230","ANN ARBOR U OF MICH, MI US","1981-06","68.7","79.0","58.4"
"USC00200230","ANN ARBOR U OF MICH, MI US","1981-07","72.2","82.3","62.2"
"USC00200230","ANN ARBOR U OF MICH, MI US","1981-08","70.3","80.4","60.3"
"USC00200230","ANN ARBOR U OF MICH, MI US","1981-09","61.3","69.7","52.8"
"USC00200230","ANN ARBOR U OF MICH, MI US","1981-10","47.3","56.1","38.5"
"USC00200230","ANN ARBOR U OF MICH, MI US","1981-11","40.6","49.4","31.8"
"USC00200230","ANN ARBOR U OF MICH, MI US","1981-12","27.6","33.5","21.7"
"USC00200230","ANN ARBOR U OF MICH, MI US","1982-01","16.2","23.7","8.8"
"USC00200230","ANN ARBOR U OF MICH, MI US","1982-02","21.9","29.7","14.2"
"USC00200230","ANN ARBOR U OF MICH, MI US","1982-03","32.8","40.8","24.7"
"USC00200230","ANN ARBOR U OF MICH, MI US","1982-04","43.1","54.0","32.2"
"USC00200230","ANN ARBOR U OF MICH, MI US","1982-05","64.6","75.6","53.6"
"USC00200230","ANN ARBOR U OF MICH, MI US","1982-06","65.1","75.9","54.4"
"USC00200230","ANN ARBOR U OF MICH, MI US","1982-07","72.3","82.0","62.6"
"USC00200230","ANN ARBOR U OF MICH, MI US","1982-08","68.9","79.6","58.2"
"USC00200230","ANN ARBOR U OF MICH, MI US","1982-09","63.1","73.2","52.9"
"USC00200230","ANN ARBOR U OF MICH, MI US","1982-10","54.0","64.8","43.2"
"USC00200230","ANN ARBOR U OF MICH, MI US","1982-11","41.5","48.1","34.8"
"USC00200230","ANN ARBOR U OF MICH, MI US","1982-12","36.9","43.3","30.5"
"USC00200230","ANN ARBOR U OF MICH, MI US","1983-01","27.3","33.0","21.6"
"USC00200230","ANN ARBOR U OF MICH, MI US","1983-02","30.9","38.8","23.1"
"USC00200230","ANN ARBOR U OF MICH, MI US","1983-03","38.1","47.4","28.7"
"USC00200230","ANN ARBOR U OF MICH, MI US","1983-04","44.3","53.6","35.1"
"USC00200230","ANN ARBOR U OF MICH, MI US","1983-05","55.4","66.4","44.4"
"USC00200230","ANN ARBOR U OF MICH, MI US","1983-06","68.7","80.4","57.0"
"USC00200230","ANN ARBOR U OF MICH, MI US","1983-07","74.7","84.8","64.5"
"USC00200230","ANN ARBOR U OF MICH, MI US","1983-08","74.2","84.4","63.9"
"USC00200230","ANN ARBOR U OF MICH, MI US","1983-09","65.8","77.6","54.0"
"USC00200230","ANN ARBOR U OF MICH, MI US","1983-10","53.1","62.7","43.5"
"USC00200230","ANN ARBOR U OF MICH, MI US","1983-11","41.6","49.9","33.3"
"USC00200230","ANN ARBOR U OF MICH, MI US","1983-12","19.8","26.1","13.5"
"USC00200230","ANN ARBOR U OF MICH, MI US","1984-01","18.0","24.9","11.2"
"USC00200230","ANN ARBOR U OF MICH, MI US","1984-02","33.6","41.8","25.5"
"USC00200230","ANN ARBOR U OF MICH, MI US","1984-03","28.7","37.3","20.2"
"USC00200230","ANN ARBOR U OF MICH, MI US","1984-04","47.4","57.2","37.6"
"USC00200230","ANN ARBOR U OF MICH, MI US","1984-05","55.2","65.9","44.6"
"USC00200230","ANN ARBOR U OF MICH, MI US","1984-06","71.2","82.6","59.7"
"USC00200230","ANN ARBOR U OF MICH, MI US","1984-07","71.7","83.9","59.4"
"USC00200230","ANN ARBOR U OF MICH, MI US","1984-08","73.0","84.2","61.7"
"USC00200230","ANN ARBOR U OF MICH, MI US","1984-09","62.3","72.8","51.9"
"USC00200230","ANN ARBOR U OF MICH, MI US","1984-10","55.5","64.8","46.3"
"USC00200230","ANN ARBOR U OF MICH, MI US","1984-11","40.1","49.0","31.2"
"USC00200230","ANN ARBOR U OF MICH, MI US","1984-12","33.7","41.3","26.1"
"USC00200230","ANN ARBOR U OF MICH, MI US","1985-01","19.8","26.1","13.6"
"USC00200230","ANN ARBOR U OF MICH, MI US","1985-02","23.7","31.7","15.8"
"USC00200230","ANN ARBOR U OF MICH, MI US","1985-03","39.1","48.8","29.3"
"USC00200230","ANN ARBOR U OF MICH, MI US","1985-04","53.3","65.2","41.4"
"USC00200230","ANN ARBOR U OF MICH, MI US","1985-05","62.5","74.7","50.2"
"USC00200230","ANN ARBOR U OF MICH, MI US","1985-06","64.6","75.9","53.3"
"USC00200230","ANN ARBOR U OF MICH, MI US","1985-07","71.5","82.0","61.0"
"USC00200230","ANN ARBOR U OF MICH, MI US","1985-08","68.9","78.7","59.1"
"USC00200230","ANN ARBOR U OF MICH, MI US","1985-09","64.8","75.1","54.5"
"USC00200230","ANN ARBOR U OF MICH, MI US","1985-10","53.2","61.7","44.7"
"USC00200230","ANN ARBOR U OF MICH, MI US","1985-11","41.0","46.5","35.5"
"USC00200230","ANN ARBOR U OF MICH, MI US","1985-12","22.4","28.7","16.1"
"USC00200230","ANN ARBOR U OF MICH, MI US","1986-01","24.6","32.0","17.1"
"USC00200230","ANN ARBOR U OF MICH, MI US","1986-02","24.9","31.0","18.8"
"USC00200230","ANN ARBOR U OF MICH, MI US","1986-03","38.4","48.7","28.0"
"USC00200230","ANN ARBOR U OF MICH, MI US","1986-04","50.3","61.6","39.0"
"USC00200230","ANN ARBOR U OF MICH, MI US","1986-05","60.5","70.6","50.4"
"USC00200230","ANN ARBOR U OF MICH, MI US","1986-06","67.7","78.9","56.5"
"USC00200230","ANN ARBOR U OF MICH, MI US","1986-07","73.7","83.9","63.5"
"USC00200230","ANN ARBOR U OF MICH, MI US","1986-08","67.8","78.4","57.1"
"USC00200230","ANN ARBOR U OF MICH, MI US","1986-09","65.8","76.2","55.4"
"USC00200230","ANN ARBOR U OF MICH, MI US","1986-10","52.8","61.9","43.8"
"USC00200230","ANN ARBOR U OF MICH, MI US","1986-11","36.8","44.2","29.4"
"USC00200230","ANN ARBOR U OF MICH, MI US","1986-12","30.4","34.9","25.9"
"USC00200230","ANN ARBOR U OF MICH, MI US","1987-01","25.6","31.7","19.6"
"USC00200230","ANN ARBOR U OF MICH, MI US","1987-02","29.4","37.7","21.1"
"USC00200230","ANN ARBOR U OF MICH, MI US","1987-03","39.8","50.8","28.8"
"USC00200230","ANN ARBOR U OF MICH, MI US","1987-04","51.0","62.4","39.7"
"USC00200230","ANN ARBOR U OF MICH, MI US","1987-05","64.0","76.7","51.3"
"USC00200230","ANN ARBOR U OF MICH, MI US","1987-06","72.0","83.8","60.2"
"USC00200230","ANN ARBOR U OF MICH, MI US","1987-07","76.0","86.6","65.4"
"USC00200230","ANN ARBOR U OF MICH, MI US","1987-08","71.1","81.5","60.8"
"USC00200230","ANN ARBOR U OF MICH, MI US","1987-09","64.2","74.1","54.3"
"USC00200230","ANN ARBOR U OF MICH, MI US","1987-10","46.6","56.4","36.8"
"USC00200230","ANN ARBOR U OF MICH, MI US","1987-11","43.3","51.3","35.3"
"USC00200230","ANN ARBOR U OF MICH, MI US","1987-12","32.1","36.7","27.4"
"USC00200230","ANN ARBOR U OF MICH, MI US","1988-01","22.9","30.7","15.0"
"USC00200230","ANN ARBOR U OF MICH, MI US","1988-02","22.2","31.1","13.4"
"USC00200230","ANN ARBOR U OF MICH, MI US","1988-03","36.4","46.6","26.2"
"USC00200230","ANN ARBOR U OF MICH, MI US","1988-04","48.7","60.4","37.0"
"USC00200230","ANN ARBOR U OF MICH, MI US","1988-05","62.0","75.2","48.8"
"USC00200230","ANN ARBOR U OF MICH, MI US","1988-06","71.1","86.2","56.1"
"USC00200230","ANN ARBOR U OF MICH, MI US","1988-07","76.4","89.3","63.5"
"USC00200230","ANN ARBOR U OF MICH, MI US","1988-08","74.2","84.3","64.1"
"USC00200230","ANN ARBOR U OF MICH, MI US","1988-09","63.1","73.1","53.1"
"USC00200230","ANN ARBOR U OF MICH, MI US","1988-10","45.9","54.0","37.8"
"USC00200230","ANN ARBOR U OF MICH, MI US","1988-11","41.1","47.6","34.6"
"USC00200230","ANN ARBOR U OF MICH, MI US","1988-12","28.8","35.9","21.8"
"USC00200230","ANN ARBOR U OF MICH, MI US","1989-01","31.8","39.5","24.1"
"USC00200230","ANN ARBOR U OF MICH, MI US","1989-02","23.1","30.2","16.1"
"USC00200230","ANN ARBOR U OF MICH, MI US","1989-03","35.1","45.9","24.3"
"USC00200230","ANN ARBOR U OF MICH, MI US","1989-04","45.3","55.8","34.8"
"USC00200230","ANN ARBOR U OF MICH, MI US","1989-05","57.9","69.1","46.7"
"USC00200230","ANN ARBOR U OF MICH, MI US","1989-06","67.9","77.8","58.1"
"USC00200230","ANN ARBOR U OF MICH, MI US","1989-07","72.4","82.6","62.3"
"USC00200230","ANN ARBOR U OF MICH, MI US","1989-08","69.6","79.9","59.3"
"USC00200230","ANN ARBOR U OF MICH, MI US","1989-09","61.8","72.0","51.7"
"USC00200230","ANN ARBOR U OF MICH, MI US","1989-10","53.0","64.0","42.1"
"USC00200230","ANN ARBOR U OF MICH, MI US","1989-11","37.6","45.6","29.5"
"USC00200230","ANN ARBOR U OF MICH, MI US","1989-12","17.7","25.0","10.5"
"USC00200230","ANN ARBOR U OF MICH, MI US","1990-01","33.1","39.4","26.9"
"USC00200230","ANN ARBOR U OF MICH, MI US","1990-02","30.2","38.0","22.5"
"USC00200230","ANN ARBOR U OF MICH, MI US","1990-03","39.2","47.9","30.5"
"USC00200230","ANN ARBOR U OF MICH, MI US","1990-04","49.3","60.2","38.4"
"USC00200230","ANN ARBOR U OF MICH, MI US","1990-05","56.6","67.3","46.0"
"USC00200230","ANN ARBOR U OF MICH, MI US","1990-06","68.1","78.6","57.6"
"USC00200230","ANN ARBOR U OF MICH, MI US","1990-07","72.0","83.2","60.8"
"USC00200230","ANN ARBOR U OF MICH, MI US","1990-08","69.9","79.4","60.4"
"USC00200230","ANN ARBOR U OF MICH, MI US","1990-09","63.6","73.5","53.7"
"USC00200230","ANN ARBOR U OF MICH, MI US","1990-10","52.1","63.6","40.5"
"USC00200230","ANN ARBOR U OF MICH, MI US","1990-11","43.2","52.6","33.9"
"USC00200230","ANN ARBOR U OF MICH, MI US","1990-12","31.5","38.9","24.2"
"USC00200230","ANN ARBOR U OF MICH, MI US","1991-01","24.1","31.0","17.2"
"USC00200230","ANN ARBOR U OF MICH, MI US","1991-02","31.3","39.4","23.2"
"USC00200230","ANN ARBOR U OF MICH, MI US","1991-03","40.2","50.8","29.7"
"USC00200230","ANN ARBOR U OF MICH, MI US","1991-04","51.2","60.9","41.6"
"USC00200230","ANN ARBOR U OF MICH, MI US","1991-05","65.6","76.8","54.5"
"USC00200230","ANN ARBOR U OF MICH, MI US","1991-06","71.8","83.5","60.0"
"USC00200230","ANN ARBOR U OF MICH, MI US","1991-07","73.7","84.2","63.1"
"USC00200230","ANN ARBOR U OF MICH, MI US","1991-08","72.4","83.3","61.4"
"USC00200230","ANN ARBOR U OF MICH, MI US","1991-09","61.7","73.0","50.4"
"USC00200230","ANN ARBOR U OF MICH, MI US","1991-10","54.7","64.1","45.3"
"USC00200230","ANN ARBOR U OF MICH, MI US","1991-11","37.4","44.9","29.9"
"USC00200230","ANN ARBOR U OF MICH, MI US","1991-12","31.0","37.3","24.6"
"USC00200230","ANN ARBOR U OF MICH, MI US","1992-01","27.1","33.1","21.1"
"USC00200230","ANN ARBOR U OF MICH, MI US","1992-02","30.5","36.9","24.0"
"USC00200230","ANN ARBOR U OF MICH, MI US","1992-03","35.2","45.0","25.4"
"USC00200230","ANN ARBOR U OF MICH, MI US","1992-04","46.5","56.4","36.7"
"USC00200230","ANN ARBOR U OF MICH, MI US","1992-05","58.8","71.8","45.9"
"USC00200230","ANN ARBOR U OF MICH, MI US","1992-06","64.8","76.7","52.8"
"USC00200230","ANN ARBOR U OF MICH, MI US","1992-07","68.5","77.1","60.0"
"USC00200230","ANN ARBOR U OF MICH, MI US","1992-08","66.5","76.4","56.6"
"USC00200230","ANN ARBOR U OF MICH, MI US","1992-09","61.8","71.6","52.0"
"USC00200230","ANN ARBOR U OF MICH, MI US","1992-10","49.8","59.7","39.8"
"USC00200230","ANN ARBOR U OF MICH, MI US","1992-11","38.4","43.3","33.5"
"USC00200230","ANN ARBOR U OF MICH, MI US","1992-12","31.6","36.8","26.4"
"USC00200230","ANN ARBOR U OF MICH, MI US","1993-01","27.7","33.7","21.6"
"USC00200230","ANN ARBOR U OF MICH, MI US","1993-02","24.0","32.1","15.8"
"USC00200230","ANN ARBOR U OF MICH, MI US","1993-03","33.3","40.8","25.9"
"USC00200230","ANN ARBOR U OF MICH, MI US","1993-04","46.7","56.8","36.7"
"USC00200230","ANN ARBOR U OF MICH, MI US","1993-05","59.8","71.6","47.9"
"USC00200230","ANN ARBOR U OF MICH, MI US","1993-06","66.2","75.9","56.5"
"USC00200230","ANN ARBOR U OF MICH, MI US","1993-07","73.5","83.0","64.1"
"USC00200230","ANN ARBOR U OF MICH, MI US","1993-08","72.4","82.2","62.5"
"USC00200230","ANN ARBOR U OF MICH, MI US","1993-09","58.7","67.0","50.5"
"USC00200230","ANN ARBOR U OF MICH, MI US","1993-10","49.7","60.0","39.5"
"USC00200230","ANN ARBOR U OF MICH, MI US","1993-11","38.7","46.2","31.2"
"USC00200230","ANN ARBOR U OF MICH, MI US","1993-12","28.5","34.4","22.5"
"USC00200230","ANN ARBOR U OF MICH, MI US","1994-01","16.5","24.5","8.6"
"USC00200230","ANN ARBOR U OF MICH, MI US","1994-02","22.8","32.0","13.6"
"USC00200230","ANN ARBOR U OF MICH, MI US","1994-03","36.0","45.7","26.3"
"USC00200230","ANN ARBOR U OF MICH, MI US","1994-04","50.5","62.0","38.9"
"USC00200230","ANN ARBOR U OF MICH, MI US","1994-05","57.5","69.9","45.0"
"USC00200230","ANN ARBOR U OF MICH, MI US","1994-06","70.0","81.8","58.1"
"USC00200230","ANN ARBOR U OF MICH, MI US","1994-07","72.3","82.3","62.3"
"USC00200230","ANN ARBOR U OF MICH, MI US","1994-08","68.3","78.4","58.1"
"USC00200230","ANN ARBOR U OF MICH, MI US","1994-09","64.8","75.9","53.7"
"USC00200230","ANN ARBOR U OF MICH, MI US","1994-10","53.1","63.1","43.2"
"USC00200230","ANN ARBOR U OF MICH, MI US","1994-11","44.2","52.4","36.1"
"USC00200230","ANN ARBOR U OF MICH, MI US","1994-12","33.9","40.0","27.8"
"USC00200230","ANN ARBOR U OF MICH, MI US","1995-01","26.9","32.6","21.2"
"USC00200230","ANN ARBOR U OF MICH, MI US","1995-02","24.2","32.2","16.1"
"USC00200230","ANN ARBOR U OF MICH, MI US","1995-03","38.0","48.7","27.4"
"USC00200230","ANN ARBOR U OF MICH, MI US","1995-04","44.8","55.0","34.6"
"USC00200230","ANN ARBOR U OF MICH, MI US","1995-05","59.3","69.9","48.6"
"USC00200230","ANN ARBOR U OF MICH, MI US","1995-06","70.5","82.0","59.1"
"USC00200230","ANN ARBOR U OF MICH, MI US","1995-07","73.8","84.3","63.4"
"USC00200230","ANN ARBOR U OF MICH, MI US","1995-08","76.2","85.3","67.2"
"USC00200230","ANN ARBOR U OF MICH, MI US","1995-09","61.7","73.5","49.9"
"USC00200230","ANN ARBOR U OF MICH, MI US","1995-10","54.2","63.9","44.5"
"USC00200230","ANN ARBOR U OF MICH, MI US","1995-11","33.2","40.9","25.6"
"USC00200230","ANN ARBOR U OF MICH, MI US","1995-12","24.7","30.9","18.4"
"USC00200230","ANN ARBOR U OF MICH, MI US","1996-01","23.7","31.7","15.7"
"USC00200230","ANN ARBOR U OF MICH, MI US","1996-02","25.7","34.1","17.4"
"USC00200230","ANN ARBOR U OF MICH, MI US","1996-03","30.2","40.2","20.2"
"USC00200230","ANN ARBOR U OF MICH, MI US","1996-04","44.8","55.9","33.7"
"USC00200230","ANN ARBOR U OF MICH, MI US","1996-05","56.7","66.9","46.4"
"USC00200230","ANN ARBOR U OF MICH, MI US","1996-06","70.1","79.4","60.7"
"USC00200230","ANN ARBOR U OF MICH, MI US","1996-07","69.9","81.2","58.6"
"USC00200230","ANN ARBOR U OF MICH, MI US","1996-08","72.4","83.7","61.2"
"USC00200230","ANN ARBOR U OF MICH, MI US","1996-09","63.3","72.6","54.0"
"USC00200230","ANN ARBOR U OF MICH, MI US","1996-10","51.8","61.8","41.8"
"USC00200230","ANN ARBOR U OF MICH, MI US","1996-11","33.5","40.2","26.8"
"USC00200230","ANN ARBOR U OF MICH, MI US","1996-12","30.2","35.1","25.3"
"USC00200230","ANN ARBOR U OF MICH, MI US","1997-01","22.2","30.3","14.0"
"USC00200230","ANN ARBOR U OF MICH, MI US","1997-02","30.3","37.2","23.4"
"USC00200230","ANN ARBOR U OF MICH, MI US","1997-03","37.4","46.4","28.4"
"USC00200230","ANN ARBOR U OF MICH, MI US","1997-04","46.0","56.8","35.3"
"USC00200230","ANN ARBOR U OF MICH, MI US","1997-05","51.7","62.3","41.0"
"USC00200230","ANN ARBOR U OF MICH, MI US","1997-06","68.7","78.8","58.5"
"USC00200230","ANN ARBOR U OF MICH, MI US","1997-07","71.6","82.3","60.9"
"USC00200230","ANN ARBOR U OF MICH, MI US","1997-08","67.4","76.2","58.6"
"USC00200230","ANN ARBOR U OF MICH, MI US","1997-09","62.6","72.0","53.2"
"USC00200230","ANN ARBOR U OF MICH, MI US","1997-10","51.5","61.1","42.0"
"USC00200230","ANN ARBOR U OF MICH, MI US","1997-11","36.6","42.0","31.1"
"USC00200230","ANN ARBOR U OF MICH, MI US","1997-12","31.1","35.5","26.6"
"USC00200230","ANN ARBOR U OF MICH, MI US","1998-01","31.7","36.8","26.7"
"USC00200230","ANN ARBOR U OF MICH, MI US","1998-02","35.7","42.8","28.5"
"USC00200230","ANN ARBOR U OF MICH, MI US","1998-03","38.2","45.5","30.9"
"USC00200230","ANN ARBOR U OF MICH, MI US","1998-04","50.3","61.4","39.3"
"USC00200230","ANN ARBOR U OF MICH, MI US","1998-05","65.5","77.0","53.9"
"USC00200230","ANN ARBOR U OF MICH, MI US","1998-06","68.8","79.8","57.8"
"USC00200230","ANN ARBOR U OF MICH, MI US","1998-07","73.2","84.8","61.6"
"USC00200230","ANN ARBOR U OF MICH, MI US","1998-08","72.9","83.2","62.5"
"USC00200230","ANN ARBOR U OF MICH, MI US","1998-09","68.2","80.0","56.5"
"USC00200230","ANN ARBOR U OF MICH, MI US","1998-10","54.3","64.3","44.3"
"USC00200230","ANN ARBOR U OF MICH, MI US","1998-11","43.6","51.0","36.1"
"USC00200230","ANN ARBOR U OF MICH, MI US","1998-12","35.5","43.6","27.4"
"USC00200230","ANN ARBOR U OF MICH, MI US","1999-01","22.7","30.4","14.9"
"USC00200230","ANN ARBOR U OF MICH, MI US","1999-02","31.9","39.8","24.0"
"USC00200230","ANN ARBOR U OF MICH, MI US","1999-03","34.1","43.9","24.3"
"USC00200230","ANN ARBOR U OF MICH, MI US","1999-04","51.0","62.0","40.0"
"USC00200230","ANN ARBOR U OF MICH, MI US","1999-05","62.6","74.8","50.4"
"USC00200230","ANN ARBOR U OF MICH, MI US","1999-06","70.2","80.8","59.6"
"USC00200230","ANN ARBOR U OF MICH, MI US","1999-07","76.1","86.5","65.6"
"USC00200230","ANN ARBOR U OF MICH, MI US","1999-08","69.3","79.6","59.1"
"USC00200230","ANN ARBOR U OF MICH, MI US","1999-09","66.0","79.4","52.6"
"USC00200230","ANN ARBOR U OF MICH, MI US","1999-10","51.5","62.0","41.0"
"USC00200230","ANN ARBOR U OF MICH, MI US","1999-11","45.1","54.9","35.3"
"USC00200230","ANN ARBOR U OF MICH, MI US","1999-12","31.2","37.6","24.7"
"USC00200230","ANN ARBOR U OF MICH, MI US","2000-01","24.2","32.2","16.1"
"USC00200230","ANN ARBOR U OF MICH, MI US","2000-02","32.4","40.3","24.6"
"USC00200230","ANN ARBOR U OF MICH, MI US","2000-03","43.3","53.6","33.1"
"USC00200230","ANN ARBOR U OF MICH, MI US","2000-04","48.3","59.2","37.4"
"USC00200230","ANN ARBOR U OF MICH, MI US","2000-05","61.7","72.5","51.0"
"USC00200230","ANN ARBOR U OF MICH, MI US","2000-06","68.6","78.7","58.6"
"USC00200230","ANN ARBOR U OF MICH, MI US","2000-07","69.1","78.5","59.8"
"USC00200230","ANN ARBOR U OF MICH, MI US","2000-08","70.2","80.2","60.2"
"USC00200230","ANN ARBOR U OF MICH, MI US","2000-09","62.9","73.4","52.3"
"USC00200230","ANN ARBOR U OF MICH, MI US","2000-10",,,"44.5"
"USC00200230","ANN ARBOR U OF MICH, MI US","2000-11","39.4","45.7","33.2"
"USC00200230","ANN ARBOR U OF MICH, MI US","2000-12","18.7","25.5","11.9"
"USC00200230","ANN ARBOR U OF MICH, MI US","2001-01","26.1","32.0","20.3"
"USC00200230","ANN ARBOR U OF MICH, MI US","2001-02","29.0","35.8","22.2"
"USC00200230","ANN ARBOR U OF MICH, MI US","2001-03","34.1","42.8","25.3"
"USC00200230","ANN ARBOR U OF MICH, MI US","2001-04","51.0","62.3","39.8"
"USC00200230","ANN ARBOR U OF MICH, MI US","2001-05","61.1","71.5","50.7"
"USC00200230","ANN ARBOR U OF MICH, MI US","2001-06","68.5","78.5","58.5"
"USC00200230","ANN ARBOR U OF MICH, MI US","2001-07","72.9","84.7","61.1"
"USC00200230","ANN ARBOR U OF MICH, MI US","2001-08","73.3","83.7","63.0"
"USC00200230","ANN ARBOR U OF MICH, MI US","2001-09","61.7","72.0","51.3"
"USC00200230","ANN ARBOR U OF MICH, MI US","2001-10","52.3","61.7","42.9"
"USC00200230","ANN ARBOR U OF MICH, MI US","2001-11","47.5","56.0","38.9"
"USC00200230","ANN ARBOR U OF MICH, MI US","2001-12","35.0","40.7","29.2"
"USC00200230","ANN ARBOR U OF MICH, MI US","2002-01","32.4","39.3","25.5"
"USC00200230","ANN ARBOR U OF MICH, MI US","2002-02","32.6","41.0","24.3"
"USC00200230","ANN ARBOR U OF MICH, MI US","2002-03","34.5","43.8","25.1"
"USC00200230","ANN ARBOR U OF MICH, MI US","2002-04","49.4","59.4","39.5"
"USC00200230","ANN ARBOR U OF MICH, MI US","2002-05","55.1","66.4","43.8"
"USC00200230","ANN ARBOR U OF MICH, MI US","2002-06","71.0","82.8","59.1"
"USC00200230","ANN ARBOR U OF MICH, MI US","2002-07","76.1","88.1","64.1"
"USC00200230","ANN ARBOR U OF MICH, MI US","2002-08","72.6","83.2","61.9"
"USC00200230","ANN ARBOR U OF MICH, MI US","2002-09","68.5","80.8","56.1"
"USC00200230","ANN ARBOR U OF MICH, MI US","2002-10","50.1","59.4","40.7"
"USC00200230","ANN ARBOR U OF MICH, MI US","2002-11","38.5","45.0","31.9"
"USC00200230","ANN ARBOR U OF MICH, MI US","2002-12","28.6","34.9","22.4"
"USC00200230","ANN ARBOR U OF MICH, MI US","2003-01","20.2","26.5","13.9"
"USC00200230","ANN ARBOR U OF MICH, MI US","2003-02","23.0","31.4","14.6"
"USC00200230","ANN ARBOR U OF MICH, MI US","2003-03","36.3","47.6","24.9"
"USC00200230","ANN ARBOR U OF MICH, MI US","2003-04","48.4","60.5","36.2"
"USC00200230","ANN ARBOR U OF MICH, MI US","2003-05","56.9","67.5","46.2"
"USC00200230","ANN ARBOR U OF MICH, MI US","2003-06","66.5","77.5","55.4"
"USC00200230","ANN ARBOR U OF MICH, MI US","2003-07","71.8","82.6","61.1"
"USC00200230","ANN ARBOR U OF MICH, MI US","2003-08","72.2","82.5","61.9"
"USC00200230","ANN ARBOR U OF MICH, MI US","2003-09","62.6","72.6","52.6"
"USC00200230","ANN ARBOR U OF MICH, MI US","2003-10","50.9","60.9","40.9"
"USC00200230","ANN ARBOR U OF MICH, MI US","2003-11","43.8","52.4","35.1"
"USC00200230","ANN ARBOR U OF MICH, MI US","2003-12","32.0","38.0","26.0"
"USC00200230","ANN ARBOR U OF MICH, MI US","2004-01","19.0","26.3","11.6"
"USC00200230","ANN ARBOR U OF MICH, MI US","2004-02","27.9","36.2","19.7"
"USC00200230","ANN ARBOR U OF MICH, MI US","2004-03","40.3","48.1","32.6"
"USC00200230","ANN ARBOR U OF MICH, MI US","2004-04","51.0","63.1","38.9"
"USC00200230","ANN ARBOR U OF MICH, MI US","2004-05","61.7","72.9","50.6"
"USC00200230","ANN ARBOR U OF MICH, MI US","2004-06","67.0","77.6","56.3"
"USC00200230","ANN ARBOR U OF MICH, MI US","2004-07","71.2","81.4","61.0"
"USC00200230","ANN ARBOR U OF MICH, MI US","2004-08","68.0","77.8","58.2"
"USC00200230","ANN ARBOR U OF MICH, MI US","2004-09","67.4","79.1","55.7"
"USC00200230","ANN ARBOR U OF MICH, MI US","2004-10","53.3","62.2","44.3"
"USC00200230","ANN ARBOR U OF MICH, MI US","2004-11","42.2","49.4","35.0"
"USC00200230","ANN ARBOR U OF MICH, MI US","2004-12","28.7","35.3","22.0"
"USC00200230","ANN ARBOR U OF MICH, MI US","2005-01","23.7","31.4","16.1"
"USC00200230","ANN ARBOR U OF MICH, MI US","2005-02","28.7","35.9","21.5"
"USC00200230","ANN ARBOR U OF MICH, MI US","2005-03","33.2","42.2","24.2"
"USC00200230","ANN ARBOR U OF MICH, MI US","2005-04","51.3","63.1","39.5"
"USC00200230","ANN ARBOR U OF MICH, MI US","2005-05","56.4","67.6","45.1"
"USC00200230","ANN ARBOR U OF MICH, MI US","2005-06","73.5","84.6","62.5"
"USC00200230","ANN ARBOR U OF MICH, MI US","2005-07","74.4","85.1","63.8"
"USC00200230","ANN ARBOR U OF MICH, MI US","2005-08","74.4","84.6","64.2"
"USC00200230","ANN ARBOR U OF MICH, MI US","2005-09","68.0","79.5","56.5"
"USC00200230","ANN ARBOR U OF MICH, MI US","2005-10","54.0","63.5","44.4"
"USC00200230","ANN ARBOR U OF MICH, MI US","2005-11","42.7","51.5","33.9"
"USC00200230","ANN ARBOR U OF MICH, MI US","2005-12","25.5","30.0","21.1"
"USC00200230","ANN ARBOR U OF MICH, MI US","2006-01","34.9","40.5","29.4"
"USC00200230","ANN ARBOR U OF MICH, MI US","2006-02","29.4","37.2","21.6"
"USC00200230","ANN ARBOR U OF MICH, MI US","2006-03","37.6","46.9","28.3"
"USC00200230","ANN ARBOR U OF MICH, MI US","2006-04","52.3","64.2","40.4"
"USC00200230","ANN ARBOR U OF MICH, MI US","2006-05","59.9","70.5","49.4"
"USC00200230","ANN ARBOR U OF MICH, MI US","2006-06","68.1","78.9","57.3"
"USC00200230","ANN ARBOR U OF MICH, MI US","2006-07","74.6","84.7","64.5"
"USC00200230","ANN ARBOR U OF MICH, MI US","2006-08","72.4","82.1","62.7"
"USC00200230","ANN ARBOR U OF MICH, MI US","2006-09","61.6","70.5","52.7"
"USC00200230","ANN ARBOR U OF MICH, MI US","2006-10","49.4","58.5","40.3"
"USC00200230","ANN ARBOR U OF MICH, MI US","2006-11","42.1","49.5","34.7"
"USC00200230","ANN ARBOR U OF MICH, MI US","2006-12","36.4","42.3","30.5"
"USC00200230","ANN ARBOR U OF MICH, MI US","2007-01","29.1","35.0","23.3"
"USC00200230","ANN ARBOR U OF MICH, MI US","2007-02","19.6","26.7","12.5"
"USC00200230","ANN ARBOR U OF MICH, MI US","2007-03","41.1","50.8","31.5"
"USC00200230","ANN ARBOR U OF MICH, MI US","2007-04","47.2","57.5","36.8"
"USC00200230","ANN ARBOR U OF MICH, MI US","2007-05","62.8","75.9","49.8"
"USC00200230","ANN ARBOR U OF MICH, MI US","2007-06","70.8","82.6","58.9"
"USC00200230","ANN ARBOR U OF MICH, MI US","2007-07","71.1","82.5","59.7"
"USC00200230","ANN ARBOR U OF MICH, MI US","2007-08","73.1","82.8","63.3"
"USC00200230","ANN ARBOR U OF MICH, MI US","2007-09","66.3","78.2","54.5"
"USC00200230","ANN ARBOR U OF MICH, MI US","2007-10","59.0","68.7","49.2"
"USC00200230","ANN ARBOR U OF MICH, MI US","2007-11","38.9","46.0","31.8"
"USC00200230","ANN ARBOR U OF MICH, MI US","2007-12","28.2","33.5","23.0"
"USC00200230","ANN ARBOR U OF MICH, MI US","2008-01","28.0","34.7","21.3"
"USC00200230","ANN ARBOR U OF MICH, MI US","2008-02","24.3","31.3","17.4"
"USC00200230","ANN ARBOR U OF MICH, MI US","2008-03","33.6","41.8","25.4"
"USC00200230","ANN ARBOR U OF MICH, MI US","2008-04","51.7","63.6","39.9"
"USC00200230","ANN ARBOR U OF MICH, MI US","2008-05","57.0","68.6","45.3"
"USC00200230","ANN ARBOR U OF MICH, MI US","2008-06","69.9","80.3","59.5"
"USC00200230","ANN ARBOR U OF MICH, MI US","2008-07","72.6","83.1","62.1"
"USC00200230","ANN ARBOR U OF MICH, MI US","2008-08","71.2","82.9","59.6"
"USC00200230","ANN ARBOR U OF MICH, MI US","2008-09","65.5","76.1","54.9"
"USC00200230","ANN ARBOR U OF MICH, MI US","2008-10","50.3","60.1","40.5"
"USC00200230","ANN ARBOR U OF MICH, MI US","2008-11","38.5","45.3","31.7"
"USC00200230","ANN ARBOR U OF MICH, MI US","2008-12","26.1","33.4","18.9"
"USC00200230","ANN ARBOR U OF MICH, MI US","2009-01","17.9","24.9","10.8"
"USC00200230","ANN ARBOR U OF MICH, MI US","2009-02","28.5","37.1","19.8"
"USC00200230","ANN ARBOR U OF MICH, MI US","2009-03","38.2","48.6","27.8"
"USC00200230","ANN ARBOR U OF MICH, MI US","2009-04","49.6","60.6","38.6"
"USC00200230","ANN ARBOR U OF MICH, MI US","2009-05","59.3","70.6","47.9"
"USC00200230","ANN ARBOR U OF MICH, MI US","2009-06","67.3","77.8","56.7"
"USC00200230","ANN ARBOR U OF MICH, MI US","2009-07","67.8","77.8","57.8"
"USC00200230","ANN ARBOR U OF MICH, MI US","2009-08","70.1","80.1","60.0"
"USC00200230","ANN ARBOR U OF MICH, MI US","2009-09","64.7","74.7","54.6"
"USC00200230","ANN ARBOR U OF MICH, MI US","2009-10","49.3","57.6","41.0"
"USC00200230","ANN ARBOR U OF MICH, MI US","2009-11","44.7","52.2","37.3"
"USC00200230","ANN ARBOR U OF MICH, MI US","2009-12","28.5","34.2","22.8"
"USC00200230","ANN ARBOR U OF MICH, MI US","2010-01","24.6","30.3","18.9"
"USC00200230","ANN ARBOR U OF MICH, MI US","2010-02","27.4","32.9","21.9"
"USC00200230","ANN ARBOR U OF MICH, MI US","2010-03","42.0","52.8","31.2"
"USC00200230","ANN ARBOR U OF MICH, MI US","2010-04","54.3","66.9","41.6"
"USC00200230","ANN ARBOR U OF MICH, MI US","2010-05","61.9","72.2","51.6"
"USC00200230","ANN ARBOR U OF MICH, MI US","2010-06","70.5","80.4","60.6"
"USC00200230","ANN ARBOR U OF MICH, MI US","2010-07","75.3","85.7","64.9"
"USC00200230","ANN ARBOR U OF MICH, MI US","2010-08","74.3","84.2","64.4"
"USC00200230","ANN ARBOR U OF MICH, MI US","2010-09","64.2","74.1","54.3"
"USC00200230","ANN ARBOR U OF MICH, MI US","2010-10","55.0","66.2","43.7"
"USC00200230","ANN ARBOR U OF MICH, MI US","2010-11","41.4","50.9","31.9"
"USC00200230","ANN ARBOR U OF MICH, MI US","2010-12","25.2","30.5","20.0"
"USC00200230","ANN ARBOR U OF MICH, MI US","2011-01","21.5","27.6","15.5"
"USC00200230","ANN ARBOR U OF MICH, MI US","2011-02","25.8","33.3","18.3"
"USC00200230","ANN ARBOR U OF MICH, MI US","2011-03","34.6","43.3","25.8"
"USC00200230","ANN ARBOR U OF MICH, MI US","2011-04","47.6","57.1","38.0"
"USC00200230","ANN ARBOR U OF MICH, MI US","2011-05","60.6","70.8","50.3"
"USC00200230","ANN ARBOR U OF MICH, MI US","2011-06","70.2","81.2","59.1"
"USC00200230","ANN ARBOR U OF MICH, MI US","2011-07","78.6","90.2","67.0"
"USC00200230","ANN ARBOR U OF MICH, MI US","2011-08","71.7","82.0","61.5"
"USC00200230","ANN ARBOR U OF MICH, MI US","2011-09","63.3","71.9","54.8"
"USC00200230","ANN ARBOR U OF MICH, MI US","2011-10","53.2","62.5","43.9"
"USC00200230","ANN ARBOR U OF MICH, MI US","2011-11","44.8","52.9","36.7"
"USC00200230","ANN ARBOR U OF MICH, MI US","2011-12","34.1","40.3","28.0"
"USC00200230","ANN ARBOR U OF MICH, MI US","2012-01","30.2","37.1","23.3"
"USC00200230","ANN ARBOR U OF MICH, MI US","2012-02","32.8","39.3","26.2"
"USC00200230","ANN ARBOR U OF MICH, MI US","2012-03","50.7","61.3","40.1"
"USC00200230","ANN ARBOR U OF MICH, MI US","2012-04","49.2","60.8","37.7"
"USC00200230","ANN ARBOR U OF MICH, MI US","2012-05","65.2","77.4","52.9"
"USC00200230","ANN ARBOR U OF MICH, MI US","2012-06","71.4","83.8","59.0"
"USC00200230","ANN ARBOR U OF MICH, MI US","2012-07","78.9","91.3","66.5"
"USC00200230","ANN ARBOR U OF MICH, MI US","2012-08","72.1","83.7","60.5"
"USC00200230","ANN ARBOR U OF MICH, MI US","2012-09","63.9","75.3","52.5"
"USC00200230","ANN ARBOR U OF MICH, MI US","2012-10","51.7","61.1","42.3"
"USC00200230","ANN ARBOR U OF MICH, MI US","2012-11","39.6","48.1","31.1"
"USC00200230","ANN ARBOR U OF MICH, MI US","2012-12","34.8","40.8","28.9"
"USC00200230","ANN ARBOR U OF MICH, MI US","2013-01","28.7","36.3","21.1"
"USC00200230","ANN ARBOR U OF MICH, MI US","2013-02","26.1","32.5","19.7"
"USC00200230","ANN ARBOR U OF MICH, MI US","2013-03","33.3","40.9","25.8"
"USC00200230","ANN ARBOR U OF MICH, MI US","2013-04","46.0","56.4","35.6"
"USC00200230","ANN ARBOR U OF MICH, MI US","2013-05","63.1","75.3","50.9"
"USC00200230","ANN ARBOR U OF MICH, MI US","2013-06","68.5","78.1","59.0"
"USC00200230","ANN ARBOR U OF MICH, MI US","2013-07","72.9","81.9","63.8"
"USC00200230","ANN ARBOR U OF MICH, MI US","2013-08","70.2","80.2","60.2"
"USC00200230","ANN ARBOR U OF MICH, MI US","2013-09","64.7","75.2","54.0"
"USC00200230","ANN ARBOR U OF MICH, MI US","2013-10","53.2","62.4","44.0"
"USC00200230","ANN ARBOR U OF MICH, MI US","2013-11","37.6","44.9","30.3"
"USC00200230","ANN ARBOR U OF MICH, MI US","2013-12","26.7","32.5","20.8"
"USC00200230","ANN ARBOR U OF MICH, MI US","2014-01","17.0","24.7","9.3"
"USC00200230","ANN ARBOR U OF MICH, MI US","2014-02","19.4","27.1","11.6"
"USC00200230","ANN ARBOR U OF MICH, MI US","2014-03","29.0","38.7","19.3"
"USC00200230","ANN ARBOR U OF MICH, MI US","2014-04","48.9","60.5","37.2"
"USC00200230","ANN ARBOR U OF MICH, MI US","2014-05","60.7","71.5","49.9"
"USC00200230","ANN ARBOR U OF MICH, MI US","2014-06","69.7","79.7","59.6"
"USC00200230","ANN ARBOR U OF MICH, MI US","2014-07","68.8","78.9","58.7"
"USC00200230","ANN ARBOR U OF MICH, MI US","2014-08","70.8","80.8","60.8"
"USC00200230","ANN ARBOR U OF MICH, MI US","2014-09","63.2","74.0","52.5"
"USC00200230","ANN ARBOR U OF MICH, MI US","2014-10","52.1","61.1","43.1"
"USC00200230","ANN ARBOR U OF MICH, MI US","2014-11","35.4","42.1","28.6"
"USC00200230","ANN ARBOR U OF MICH, MI US","2014-12","33.3","39.0","27.6"
"USC00200230","ANN ARBOR U OF MICH, MI US","2015-01","21.4","28.1","14.6"
"USC00200230","ANN ARBOR U OF MICH, MI US","2015-02","14.4","23.8","5.0"
"USC00200230","ANN ARBOR U OF MICH, MI US","2015-03","34.9","44.9","25.0"
"USC00200230","ANN ARBOR U OF MICH, MI US","2015-04","49.0","60.2","37.7"
"USC00200230","ANN ARBOR U OF MICH, MI US","2015-05","64.2","75.3","53.0"
"USC00200230","ANN ARBOR U OF MICH, MI US","2015-06","68.0","77.5","58.4"
"USC00200230","ANN ARBOR U OF MICH, MI US","2015-07","71.2","81.7","60.7"
"USC00200230","ANN ARBOR U OF MICH, MI US","2015-08","70.2","80.2","60.3"
"USC00200230","ANN ARBOR U OF MICH, MI US","2015-09","68.7","79.6","57.8"
"USC00200230","ANN ARBOR U OF MICH, MI US","2015-10","53.9","63.6","44.3"
"USC00200230","ANN ARBOR U OF MICH, MI US","2015-11","45.7","54.7","36.7"
"USC00200230","ANN ARBOR U OF MICH, MI US","2015-12","39.9","45.7","34.1"
"USC00200230","ANN ARBOR U OF MICH, MI US","2016-01","26.7","33.6","19.8"
"USC00200230","ANN ARBOR U OF MICH, MI US","2016-02","31.3","39.1","23.4"
"USC00200230","ANN ARBOR U OF MICH, MI US","2016-03","43.2","53.1","33.2"
"USC00200230","ANN ARBOR U OF MICH, MI US","2016-04","46.9","58.1","35.7"
"USC00200230","ANN ARBOR U OF MICH, MI US","2016-05","60.2","71.3","49.0"
"USC00200230","ANN ARBOR U OF MICH, MI US","2016-06","70.5","82.7","58.3"
"USC00200230","ANN ARBOR U OF MICH, MI US","2016-07","75.3","86.5","64.0"
"USC00200230","ANN ARBOR U OF MICH, MI US","2016-08","75.5","85.5","65.5"
"USC00200230","ANN ARBOR U OF MICH, MI US","2016-09","68.0","77.7","58.4"
"USC00200230","ANN ARBOR U OF MICH, MI US","2016-10","56.3","66.3","46.3"
"USC00200230","ANN ARBOR U OF MICH, MI US","2016-11","46.2","55.6","36.9"
"USC00200230","ANN ARBOR U OF MICH, MI US","2016-12","28.3","33.7","22.9"
"USC00200230","ANN ARBOR U OF MICH, MI US","2017-01","30.4","36.2","24.6"
"USC00200230","ANN ARBOR U OF MICH, MI US","2017-02","37.5","47.1","27.9"
"USC00200230","ANN ARBOR U OF MICH, MI US","2017-03","36.8","45.4","28.2"
"USC00200230","ANN ARBOR U OF MICH, MI US","2017-04","54.1","64.5","43.8"
"USC00200230","ANN ARBOR U OF MICH, MI US","2017-05","58.7","69.3","48.1"
"USC00200230","ANN ARBOR U OF MICH, MI US","2017-06","70.6","82.1","59.0"
"USC00200230","ANN ARBOR U OF MICH, MI US","2017-07","72.8","84.0","61.6"
"USC00200230","ANN ARBOR U OF MICH, MI US","2017-08","68.0","80.2","55.8"
